Date,Hr_End,RT_Demand,Dry_Bulb
1/1/2025,01,"1,284.46",41
1/1/2025,02,"1,270.68",43
1/1/2025,03,"1,225.69",43
1/1/2025,04,"1,204.31",48
1/1/2025,05,"1,197.34",46
1/1/2025,06,"1,223.11",46
1/1/2025,07,"1,271.17",47
1/1/2025,08,"1,310.04",47
1/1/2025,09,"1,363.69",47
1/1/2025,10,"1,394.05",48
1/1/2025,11,"1,453.76",48
1/1/2025,12,"1,521.80",50
1/1/2025,13,"1,560.47",48
1/1/2025,14,"1,572.87",47
1/1/2025,15,"1,530.62",48
1/1/2025,16,"1,590.08",50
1/1/2025,17,"1,738.49",49
1/1/2025,18,"1,831.49",48
1/1/2025,19,"1,798.89",47
1/1/2025,20,"1,747.69",44
1/1/2025,21,"1,683.66",41
1/1/2025,22,"1,588.60",39
1/1/2025,23,"1,474.84",39
1/1/2025,24,"1,371.42",38
1/2/2025,01,"1,309.14",38
1/2/2025,02,"1,274.41",37
1/2/2025,03,"1,267.07",37
1/2/2025,04,"1,280.16",36
1/2/2025,05,"1,337.65",37
1/2/2025,06,"1,571.69",35
1/2/2025,07,"1,640.62",36
1/2/2025,08,"1,718.92",35
1/2/2025,09,"1,695.35",36
1/2/2025,10,"1,558.56",39
1/2/2025,11,"1,531.21",40
1/2/2025,12,"1,515.90",41
1/2/2025,13,"1,542.65",42
1/2/2025,14,"1,565.76",42
1/2/2025,15,"1,643.08",41
1/2/2025,16,"1,777.95",40
1/2/2025,17,"1,930.17",40
1/2/2025,18,"2,039.58",39
1/2/2025,19,"2,021.41",38
1/2/2025,20,"1,969.30",37
1/2/2025,21,"1,892.30",36
1/2/2025,22,"1,675.45",35
1/2/2025,23,"1,615.28",34
1/2/2025,24,"1,532.43",33
1/3/2025,01,"1,460.39",33
1/3/2025,02,"1,420.36",32
1/3/2025,03,"1,403.12",32
1/3/2025,04,"1,406.15",32
1/3/2025,05,"1,442.55",31
1/3/2025,06,"1,534.15",31
1/3/2025,07,"1,690.35",31
1/3/2025,08,"1,793.92",31
1/3/2025,09,"1,773.68",31
1/3/2025,10,"1,689.04",33
1/3/2025,11,"1,612.47",35
1/3/2025,12,"1,573.38",36
1/3/2025,13,"1,566.07",38
1/3/2025,14,"1,585.61",38
1/3/2025,15,"1,660.92",39
1/3/2025,16,"1,778.91",38
1/3/2025,17,"1,933.33",36
1/3/2025,18,"2,035.82",34
1/3/2025,19,"2,014.44",32
1/3/2025,20,"1,965.28",31
1/3/2025,21,"1,906.35",29
1/3/2025,22,"1,820.55",28
1/3/2025,23,"1,705.31",26
1/3/2025,24,"1,595.14",27
1/4/2025,01,"1,520.06",27
1/4/2025,02,"1,470.75",27
1/4/2025,03,"1,448.65",28
1/4/2025,04,"1,447.95",26
1/4/2025,05,"1,459.49",25
1/4/2025,06,"1,505.45",25
1/4/2025,07,"1,583.25",25
1/4/2025,08,"1,657.02",26
1/4/2025,09,"1,682.87",26
1/4/2025,10,"1,645.24",27
1/4/2025,11,"1,576.73",29
1/4/2025,12,"1,562.00",29
1/4/2025,13,"1,553.69",30
1/4/2025,14,"1,592.99",31
1/4/2025,15,"1,686.48",31
1/4/2025,16,"1,824.84",31
1/4/2025,17,"1,985.01",30
1/4/2025,18,"2,078.94",29
1/4/2025,19,"2,048.63",29
1/4/2025,20,"1,996.09",28
1/4/2025,21,"1,928.41",28
1/4/2025,22,"1,839.33",28
1/4/2025,23,"1,727.29",27
1/4/2025,24,"1,616.77",29
1/5/2025,01,"1,531.34",30
1/5/2025,02,"1,477.67",30
1/5/2025,03,"1,449.89",28
1/5/2025,04,"1,440.81",27
1/5/2025,05,"1,451.93",26
1/5/2025,06,"1,487.57",27
1/5/2025,07,"1,554.78",28
1/5/2025,08,"1,616.84",28
1/5/2025,09,"1,663.68",28
1/5/2025,10,"1,600.12",30
1/5/2025,11,"1,596.28",31
1/5/2025,12,"1,603.64",34
1/5/2025,13,"1,622.91",35
1/5/2025,14,"1,737.43",33
1/5/2025,15,"1,823.42",33
1/5/2025,16,"1,888.28",33
1/5/2025,17,"2,017.91",32
1/5/2025,18,"2,122.09",31
1/5/2025,19,"2,107.01",31
1/5/2025,20,"2,054.61",30
1/5/2025,21,"1,983.21",30
1/5/2025,22,"1,878.29",29
1/5/2025,23,"1,755.31",28
1/5/2025,24,"1,648.87",28
1/6/2025,01,"1,574.82",25
1/6/2025,02,"1,531.76",25
1/6/2025,03,"1,516.51",25
1/6/2025,04,"1,525.56",24
1/6/2025,05,"1,552.23",24
1/6/2025,06,"1,668.38",23
1/6/2025,07,"1,849.83",24
1/6/2025,08,"1,970.28",24
1/6/2025,09,"2,021.76",24
1/6/2025,10,"2,037.16",24
1/6/2025,11,"2,032.00",25
1/6/2025,12,"2,026.02",27
1/6/2025,13,"2,047.93",27
1/6/2025,14,"2,053.54",27
1/6/2025,15,"2,024.52",27
1/6/2025,16,"2,048.74",27
1/6/2025,17,"2,135.15",27
1/6/2025,18,"2,229.37",26
1/6/2025,19,"2,208.39",26
1/6/2025,20,"2,165.90",26
1/6/2025,21,"2,077.25",24
1/6/2025,22,"1,921.99",24
1/6/2025,23,"1,822.78",22
1/6/2025,24,"1,708.95",21
1/7/2025,01,"1,661.18",20
1/7/2025,02,"1,647.99",19
1/7/2025,03,"1,638.03",17
1/7/2025,04,"1,642.66",16
1/7/2025,05,"1,694.37",16
1/7/2025,06,"1,846.56",16
1/7/2025,07,"1,979.29",16
1/7/2025,08,"2,065.49",16
1/7/2025,09,"2,041.72",17
1/7/2025,10,"1,967.25",21
1/7/2025,11,"1,909.01",24
1/7/2025,12,"1,923.28",23
1/7/2025,13,"1,970.02",24
1/7/2025,14,"1,907.92",24
1/7/2025,15,"1,913.59",26
1/7/2025,16,"2,014.73",28
1/7/2025,17,"2,187.94",27
1/7/2025,18,"2,279.04",26
1/7/2025,19,"2,269.83",26
1/7/2025,20,"2,233.71",25
1/7/2025,21,"2,144.84",25
1/7/2025,22,"2,001.19",24
1/7/2025,23,"1,890.53",24
1/7/2025,24,"1,764.28",24
1/8/2025,01,"1,682.37",24
1/8/2025,02,"1,638.93",24
1/8/2025,03,"1,618.07",24
1/8/2025,04,"1,620.52",24
1/8/2025,05,"1,658.96",24
1/8/2025,06,"1,772.50",23
1/8/2025,07,"1,954.72",22
1/8/2025,08,"2,057.86",22
1/8/2025,09,"2,007.20",22
1/8/2025,10,"1,893.10",24
1/8/2025,11,"1,793.31",26
1/8/2025,12,"1,742.13",27
1/8/2025,13,"1,731.93",28
1/8/2025,14,"1,768.48",29
1/8/2025,15,"1,851.70",28
1/8/2025,16,"1,990.95",27
1/8/2025,17,"2,158.37",26
1/8/2025,18,"2,269.36",24
1/8/2025,19,"2,260.94",22
1/8/2025,20,"2,230.84",22
1/8/2025,21,"2,163.28",21
1/8/2025,22,"2,048.42",21
1/8/2025,23,"1,907.68",19
1/8/2025,24,"1,794.62",19
1/9/2025,01,"1,719.09",19
1/9/2025,02,"1,676.56",19
1/9/2025,03,"1,657.66",18
1/9/2025,04,"1,660.69",19
1/9/2025,05,"1,699.40",20
1/9/2025,06,"1,808.84",20
1/9/2025,07,"1,984.39",20
1/9/2025,08,"2,085.39",20
1/9/2025,09,"2,082.85",21
1/9/2025,10,"2,053.89",22
1/9/2025,11,"1,924.51",23
1/9/2025,12,"1,820.32",25
1/9/2025,13,"1,851.59",28
1/9/2025,14,"1,914.41",26
1/9/2025,15,"1,932.19",30
1/9/2025,16,"2,024.77",30
1/9/2025,17,"2,176.86",30
1/9/2025,18,"2,262.90",28
1/9/2025,19,"2,242.12",28
1/9/2025,20,"2,207.53",27
1/9/2025,21,"2,136.63",26
1/9/2025,22,"2,023.15",25
1/9/2025,23,"1,876.48",25
1/9/2025,24,"1,754.54",24
1/10/2025,01,"1,670.50",24
1/10/2025,02,"1,627.26",24
1/10/2025,03,"1,604.54",25
1/10/2025,04,"1,597.21",25
1/10/2025,05,"1,629.61",25
1/10/2025,06,"1,724.11",25
1/10/2025,07,"1,895.28",26
1/10/2025,08,"1,988.98",26
1/10/2025,09,"1,943.40",26
1/10/2025,10,"1,814.35",28
1/10/2025,11,"1,701.16",31
1/10/2025,12,"1,636.40",36
1/10/2025,13,"1,597.22",39
1/10/2025,14,"1,608.85",41
1/10/2025,15,"1,667.99",42
1/10/2025,16,"1,777.91",44
1/10/2025,17,"1,926.98",43
1/10/2025,18,"2,032.75",39
1/10/2025,19,"2,009.37",36
1/10/2025,20,"1,963.03",33
1/10/2025,21,"1,902.21",33
1/10/2025,22,"1,821.72",33
1/10/2025,23,"1,712.88",33
1/10/2025,24,"1,598.34",32
1/11/2025,01,"1,515.14",31
1/11/2025,02,"1,463.48",32
1/11/2025,03,"1,435.18",31
1/11/2025,04,"1,423.52",31
1/11/2025,05,"1,433.94",29
1/11/2025,06,"1,474.82",28
1/11/2025,07,"1,561.07",30
1/11/2025,08,"1,715.14",28
1/11/2025,09,"1,748.71",28
1/11/2025,10,"1,825.65",28
1/11/2025,11,"1,841.80",30
1/11/2025,12,"1,828.20",31
1/11/2025,13,"1,843.70",32
1/11/2025,14,"1,855.62",33
1/11/2025,15,"1,870.84",32
1/11/2025,16,"1,897.15",31
1/11/2025,17,"1,970.03",31
1/11/2025,18,"2,034.50",30
1/11/2025,19,"2,008.61",29
1/11/2025,20,"1,951.12",30
1/11/2025,21,"1,887.71",29
1/11/2025,22,"1,785.86",29
1/11/2025,23,"1,692.99",28
1/11/2025,24,"1,608.58",27
1/12/2025,01,"1,542.59",26
1/12/2025,02,"1,500.50",26
1/12/2025,03,"1,479.08",26
1/12/2025,04,"1,472.48",25
1/12/2025,05,"1,488.54",25
1/12/2025,06,"1,589.68",26
1/12/2025,07,"1,593.39",24
1/12/2025,08,"1,677.39",22
1/12/2025,09,"1,735.02",24
1/12/2025,10,"1,733.46",29
1/12/2025,11,"1,689.01",31
1/12/2025,12,"1,635.21",33
1/12/2025,13,"1,608.88",35
1/12/2025,14,"1,618.12",38
1/12/2025,15,"1,655.06",38
1/12/2025,16,"1,760.31",38
1/12/2025,17,"1,926.47",38
1/12/2025,18,"2,069.33",35
1/12/2025,19,"2,063.15",30
1/12/2025,20,"2,014.29",30
1/12/2025,21,"1,948.54",26
1/12/2025,22,"1,819.24",28
1/12/2025,23,"1,692.76",29
1/12/2025,24,"1,577.06",30
1/13/2025,01,"1,507.78",29
1/13/2025,02,"1,459.63",29
1/13/2025,03,"1,443.50",30
1/13/2025,04,"1,447.98",30
1/13/2025,05,"1,491.31",30
1/13/2025,06,"1,607.72",30
1/13/2025,07,"1,792.28",27
1/13/2025,08,"1,902.78",27
1/13/2025,09,"1,852.78",25
1/13/2025,10,"1,730.23",33
1/13/2025,11,"1,624.00",39
1/13/2025,12,"1,674.15",39
1/13/2025,13,"1,743.34",40
1/13/2025,14,"1,763.56",42
1/13/2025,15,"1,767.75",42
1/13/2025,16,"1,823.38",43
1/13/2025,17,"1,947.99",41
1/13/2025,18,"2,045.47",40
1/13/2025,19,"2,024.50",38
1/13/2025,20,"1,961.43",36
1/13/2025,21,"1,880.44",35
1/13/2025,22,"1,773.99",35
1/13/2025,23,"1,648.47",35
1/13/2025,24,"1,543.07",32
1/14/2025,01,"1,476.89",29
1/14/2025,02,"1,441.29",29
1/14/2025,03,"1,429.55",28
1/14/2025,04,"1,439.94",28
1/14/2025,05,"1,490.24",27
1/14/2025,06,"1,611.00",27
1/14/2025,07,"1,795.76",27
1/14/2025,08,"1,899.03",26
1/14/2025,09,"1,839.65",27
1/14/2025,10,"1,722.68",29
1/14/2025,11,"1,628.26",31
1/14/2025,12,"1,573.43",32
1/14/2025,13,"1,561.29",33
1/14/2025,14,"1,603.32",33
1/14/2025,15,"1,691.01",34
1/14/2025,16,"1,834.77",32
1/14/2025,17,"2,007.80",31
1/14/2025,18,"2,160.31",29
1/14/2025,19,"2,161.47",27
1/14/2025,20,"2,116.36",28
1/14/2025,21,"2,050.09",26
1/14/2025,22,"1,939.16",25
1/14/2025,23,"1,798.68",24
1/14/2025,24,"1,682.42",24
1/15/2025,01,"1,609.15",23
1/15/2025,02,"1,568.55",23
1/15/2025,03,"1,553.95",23
1/15/2025,04,"1,561.28",23
1/15/2025,05,"1,609.53",22
1/15/2025,06,"1,728.00",21
1/15/2025,07,"1,910.03",21
1/15/2025,08,"1,998.13",20
1/15/2025,09,"1,950.40",22
1/15/2025,10,"1,837.82",24
1/15/2025,11,"1,740.40",26
1/15/2025,12,"1,685.91",28
1/15/2025,13,"1,654.81",30
1/15/2025,14,"1,679.41",31
1/15/2025,15,"1,755.17",31
1/15/2025,16,"1,894.70",31
1/15/2025,17,"2,067.79",29
1/15/2025,18,"2,185.59",27
1/15/2025,19,"2,183.80",26
1/15/2025,20,"2,146.52",24
1/15/2025,21,"2,072.90",23
1/15/2025,22,"1,962.89",22
1/15/2025,23,"1,820.82",22
1/15/2025,24,"1,709.84",20
1/16/2025,01,"1,639.66",20
1/16/2025,02,"1,604.26",18
1/16/2025,03,"1,593.52",18
1/16/2025,04,"1,602.56",18
1/16/2025,05,"1,655.53",17
1/16/2025,06,"1,771.60",18
1/16/2025,07,"1,945.86",18
1/16/2025,08,"2,045.35",17
1/16/2025,09,"1,988.15",19
1/16/2025,10,"1,870.65",23
1/16/2025,11,"1,823.60",27
1/16/2025,12,"1,779.14",31
1/16/2025,13,"1,737.55",30
1/16/2025,14,"1,795.11",31
1/16/2025,15,"1,812.15",32
1/16/2025,16,"1,925.85",30
1/16/2025,17,"2,052.80",29
1/16/2025,18,"2,157.66",28
1/16/2025,19,"2,139.24",27
1/16/2025,20,"2,092.26",28
1/16/2025,21,"2,007.45",27
1/16/2025,22,"1,894.58",26
1/16/2025,23,"1,755.67",26
1/16/2025,24,"1,637.17",26
1/17/2025,01,"1,568.93",26
1/17/2025,02,"1,520.31",25
1/17/2025,03,"1,509.40",25
1/17/2025,04,"1,512.33",24
1/17/2025,05,"1,563.31",22
1/17/2025,06,"1,736.64",21
1/17/2025,07,"1,860.16",20
1/17/2025,08,"1,964.44",22
1/17/2025,09,"1,969.82",23
1/17/2025,10,"1,883.42",26
1/17/2025,11,"1,759.69",29
1/17/2025,12,"1,664.73",32
1/17/2025,13,"1,618.84",35
1/17/2025,14,"1,620.80",37
1/17/2025,15,"1,641.39",38
1/17/2025,16,"1,739.41",38
1/17/2025,17,"1,906.62",37
1/17/2025,18,"2,043.50",33
1/17/2025,19,"2,039.23",32
1/17/2025,20,"2,003.89",26
1/17/2025,21,"1,939.60",26
1/17/2025,22,"1,845.04",24
1/17/2025,23,"1,734.32",23
1/17/2025,24,"1,654.55",24
1/18/2025,01,"1,563.50",23
1/18/2025,02,"1,518.13",25
1/18/2025,03,"1,488.52",21
1/18/2025,04,"1,470.68",21
1/18/2025,05,"1,472.82",26
1/18/2025,06,"1,574.64",29
1/18/2025,07,"1,604.19",30
1/18/2025,08,"1,667.76",29
1/18/2025,09,"1,697.37",30
1/18/2025,10,"1,751.12",34
1/18/2025,11,"1,734.10",37
1/18/2025,12,"1,721.46",42
1/18/2025,13,"1,740.49",43
1/18/2025,14,"1,746.24",42
1/18/2025,15,"1,750.06",42
1/18/2025,16,"1,791.80",41
1/18/2025,17,"1,859.93",40
1/18/2025,18,"1,903.33",40
1/18/2025,19,"1,827.96",39
1/18/2025,20,"1,777.58",40
1/18/2025,21,"1,714.99",40
1/18/2025,22,"1,614.17",45
1/18/2025,23,"1,513.25",45
1/18/2025,24,"1,422.49",45
1/19/2025,01,"1,348.85",43
1/19/2025,02,"1,300.22",43
1/19/2025,03,"1,333.69",43
1/19/2025,04,"1,266.97",42
1/19/2025,05,"1,310.20",39
1/19/2025,06,"1,335.73",37
1/19/2025,07,"1,412.03",36
1/19/2025,08,"1,476.30",36
1/19/2025,09,"1,503.20",35
1/19/2025,10,"1,467.40",37
1/19/2025,11,"1,421.90",41
1/19/2025,12,"1,475.82",43
1/19/2025,13,"1,514.37",44
1/19/2025,14,"1,565.93",43
1/19/2025,15,"1,608.15",44
1/19/2025,16,"1,694.64",43
1/19/2025,17,"1,792.54",42
1/19/2025,18,"1,880.49",40
1/19/2025,19,"1,856.93",38
1/19/2025,20,"1,830.38",37
1/19/2025,21,"1,780.40",36
1/19/2025,22,"1,674.07",33
1/19/2025,23,"1,571.26",31
1/19/2025,24,"1,503.59",30
1/20/2025,01,"1,459.46",29
1/20/2025,02,"1,418.21",29
1/20/2025,03,"1,408.47",29
1/20/2025,04,"1,421.55",25
1/20/2025,05,"1,462.25",23
1/20/2025,06,"1,554.01",22
1/20/2025,07,"1,678.10",20
1/20/2025,08,"1,800.35",19
1/20/2025,09,"1,900.80",19
1/20/2025,10,"1,957.12",20
1/20/2025,11,"1,974.02",21
1/20/2025,12,"1,967.15",22
1/20/2025,13,"1,942.45",23
1/20/2025,14,"1,950.32",24
1/20/2025,15,"1,978.42",23
1/20/2025,16,"2,033.72",24
1/20/2025,17,"2,124.99",22
1/20/2025,18,"2,261.47",21
1/20/2025,19,"2,246.46",19
1/20/2025,20,"2,201.04",18
1/20/2025,21,"2,119.16",16
1/20/2025,22,"2,008.93",14
1/20/2025,23,"1,881.94",14
1/20/2025,24,"1,774.10",13
1/21/2025,01,"1,719.70",13
1/21/2025,02,"1,695.09",12
1/21/2025,03,"1,684.15",12
1/21/2025,04,"1,700.57",10
1/21/2025,05,"1,754.28",8
1/21/2025,06,"1,870.75",8
1/21/2025,07,"2,056.63",8
1/21/2025,08,"2,183.89",8
1/21/2025,09,"2,214.34",7
1/21/2025,10,"2,190.26",11
1/21/2025,11,"2,165.21",15
1/21/2025,12,"2,146.57",17
1/21/2025,13,"2,168.89",18
1/21/2025,14,"2,151.83",18
1/21/2025,15,"2,142.93",19
1/21/2025,16,"2,171.96",19
1/21/2025,17,"2,246.12",19
1/21/2025,18,"2,337.45",18
1/21/2025,19,"2,318.36",18
1/21/2025,20,"2,269.56",18
1/21/2025,21,"2,193.28",18
1/21/2025,22,"2,076.03",17
1/21/2025,23,"1,933.83",17
1/21/2025,24,"1,820.86",17
1/22/2025,01,"1,751.68",17
1/22/2025,02,"1,720.42",15
1/22/2025,03,"1,708.63",14
1/22/2025,04,"1,721.81",12
1/22/2025,05,"1,777.20",11
1/22/2025,06,"1,893.62",9
1/22/2025,07,"2,080.75",8
1/22/2025,08,"2,205.10",7
1/22/2025,09,"2,238.57",8
1/22/2025,10,"2,216.06",11
1/22/2025,11,"2,161.45",14
1/22/2025,12,"2,127.69",16
1/22/2025,13,"2,076.44",18
1/22/2025,14,"2,041.70",20
1/22/2025,15,"2,024.35",21
1/22/2025,16,"2,068.24",21
1/22/2025,17,"2,177.65",21
1/22/2025,18,"2,307.14",19
1/22/2025,19,"2,327.60",18
1/22/2025,20,"2,296.68",17
1/22/2025,21,"2,246.63",14
1/22/2025,22,"2,128.53",14
1/22/2025,23,"1,974.35",15
1/22/2025,24,"1,855.63",14
1/23/2025,01,"1,785.15",12
1/23/2025,02,"1,749.40",11
1/23/2025,03,"1,722.09",11
1/23/2025,04,"1,716.71",10
1/23/2025,05,"1,752.21",10
1/23/2025,06,"1,861.85",11
1/23/2025,07,"2,038.79",11
1/23/2025,08,"2,137.74",12
1/23/2025,09,"2,174.80",14
1/23/2025,10,"2,175.11",17
1/23/2025,11,"2,100.33",19
1/23/2025,12,"2,030.43",23
1/23/2025,13,"1,984.50",26
1/23/2025,14,"1,950.83",28
1/23/2025,15,"1,941.52",29
1/23/2025,16,"1,981.25",30
1/23/2025,17,"2,084.91",30
1/23/2025,18,"2,200.17",28
1/23/2025,19,"2,205.90",25
1/23/2025,20,"2,166.64",23
1/23/2025,21,"2,114.05",23
1/23/2025,22,"2,028.32",23
1/23/2025,23,"1,881.45",21
1/23/2025,24,"1,763.92",21
1/24/2025,01,"1,690.66",20
1/24/2025,02,"1,649.78",19
1/24/2025,03,"1,636.52",19
1/24/2025,04,"1,643.67",18
1/24/2025,05,"1,687.75",17
1/24/2025,06,"1,796.97",17
1/24/2025,07,"1,973.66",17
1/24/2025,08,"2,072.87",16
1/24/2025,09,"2,062.90",18
1/24/2025,10,"2,006.08",23
1/24/2025,11,"1,932.93",28
1/24/2025,12,"1,856.40",29
1/24/2025,13,"1,793.35",30
1/24/2025,14,"1,778.17",32
1/24/2025,15,"1,801.73",32
1/24/2025,16,"1,872.91",32
1/24/2025,17,"1,997.48",31
1/24/2025,18,"2,115.82",30
1/24/2025,19,"2,102.81",28
1/24/2025,20,"2,052.89",27
1/24/2025,21,"2,000.43",26
1/24/2025,22,"1,921.56",24
1/24/2025,23,"1,816.26",23
1/24/2025,24,"1,722.72",21
1/25/2025,01,"1,656.27",19
1/25/2025,02,"1,621.50",19
1/25/2025,03,"1,608.82",18
1/25/2025,04,"1,614.09",16
1/25/2025,05,"1,637.41",14
1/25/2025,06,"1,764.68",14
1/25/2025,07,"1,802.76",13
1/25/2025,08,"1,872.49",13
1/25/2025,09,"1,888.30",14
1/25/2025,10,"1,836.99",18
1/25/2025,11,"1,758.18",23
1/25/2025,12,"1,712.25",27
1/25/2025,13,"1,675.17",29
1/25/2025,14,"1,667.84",29
1/25/2025,15,"1,738.98",30
1/25/2025,16,"1,827.23",30
1/25/2025,17,"1,945.87",30
1/25/2025,18,"2,072.39",28
1/25/2025,19,"2,045.64",26
1/25/2025,20,"2,000.44",26
1/25/2025,21,"1,929.01",26
1/25/2025,22,"1,831.59",25
1/25/2025,23,"1,738.09",23
1/25/2025,24,"1,663.25",24
1/26/2025,01,"1,595.04",23
1/26/2025,02,"1,549.30",23
1/26/2025,03,"1,518.10",21
1/26/2025,04,"1,498.25",21
1/26/2025,05,"1,498.75",24
1/26/2025,06,"1,585.67",25
1/26/2025,07,"1,583.29",30
1/26/2025,08,"1,639.82",32
1/26/2025,09,"1,705.31",33
1/26/2025,10,"1,711.38",33
1/26/2025,11,"1,680.61",37
1/26/2025,12,"1,632.21",37
1/26/2025,13,"1,610.71",40
1/26/2025,14,"1,608.65",41
1/26/2025,15,"1,654.29",41
1/26/2025,16,"1,772.18",41
1/26/2025,17,"1,904.87",39
1/26/2025,18,"2,030.21",37
1/26/2025,19,"2,013.26",35
1/26/2025,20,"1,957.02",34
1/26/2025,21,"1,899.19",30
1/26/2025,22,"1,735.36",29
1/26/2025,23,"1,669.20",28
1/26/2025,24,"1,571.01",26
1/27/2025,01,"1,514.33",24
1/27/2025,02,"1,483.55",22
1/27/2025,03,"1,469.83",24
1/27/2025,04,"1,478.68",24
1/27/2025,05,"1,525.94",24
1/27/2025,06,"1,708.73",25
1/27/2025,07,"1,840.83",24
1/27/2025,08,"1,927.60",23
1/27/2025,09,"1,856.00",27
1/27/2025,10,"1,749.55",30
1/27/2025,11,"1,632.54",33
1/27/2025,12,"1,578.20",35
1/27/2025,13,"1,548.44",36
1/27/2025,14,"1,569.90",38
1/27/2025,15,"1,626.45",39
1/27/2025,16,"1,754.97",37
1/27/2025,17,"1,925.28",37
1/27/2025,18,"2,091.72",34
1/27/2025,19,"2,090.28",32
1/27/2025,20,"2,018.92",32
1/27/2025,21,"1,947.27",30
1/27/2025,22,"1,811.25",33
1/27/2025,23,"1,642.30",33
1/27/2025,24,"1,558.73",36
1/28/2025,01,"1,481.89",37
1/28/2025,02,"1,435.81",38
1/28/2025,03,"1,411.13",38
1/28/2025,04,"1,411.20",37
1/28/2025,05,"1,452.20",37
1/28/2025,06,"1,557.41",37
1/28/2025,07,"1,733.13",36
1/28/2025,08,"1,826.61",35
1/28/2025,09,"1,789.29",36
1/28/2025,10,"1,651.45",38
1/28/2025,11,"1,642.12",39
1/28/2025,12,"1,625.47",37
1/28/2025,13,"1,552.70",38
1/28/2025,14,"1,528.67",37
1/28/2025,15,"1,606.61",35
1/28/2025,16,"1,751.83",33
1/28/2025,17,"1,926.60",32
1/28/2025,18,"2,094.07",29
1/28/2025,19,"2,110.99",27
1/28/2025,20,"2,075.60",26
1/28/2025,21,"1,998.63",26
1/28/2025,22,"1,889.20",24
1/28/2025,23,"1,739.89",24
1/28/2025,24,"1,623.78",26
1/29/2025,01,"1,545.52",26
1/29/2025,02,"1,500.18",28
1/29/2025,03,"1,479.91",29
1/29/2025,04,"1,472.64",29
1/29/2025,05,"1,502.99",30
1/29/2025,06,"1,654.79",29
1/29/2025,07,"1,765.50",29
1/29/2025,08,"1,854.99",27
1/29/2025,09,"1,820.72",36
1/29/2025,10,"1,783.30",41
1/29/2025,11,"1,640.91",43
1/29/2025,12,"1,481.13",46
1/29/2025,13,"1,463.75",49
1/29/2025,14,"1,542.12",49
1/29/2025,15,"1,625.78",48
1/29/2025,16,"1,747.96",48
1/29/2025,17,"1,851.60",39
1/29/2025,18,"1,981.00",40
1/29/2025,19,"2,006.41",37
1/29/2025,20,"1,967.28",36
1/29/2025,21,"1,902.59",34
1/29/2025,22,"1,791.12",33
1/29/2025,23,"1,657.02",31
1/29/2025,24,"1,593.39",29
1/30/2025,01,"1,535.91",27
1/30/2025,02,"1,504.58",26
1/30/2025,03,"1,503.36",25
1/30/2025,04,"1,518.74",25
1/30/2025,05,"1,574.91",23
1/30/2025,06,"1,753.83",22
1/30/2025,07,"1,880.85",21
1/30/2025,08,"1,970.08",20
1/30/2025,09,"1,892.03",20
1/30/2025,10,"1,769.89",22
1/30/2025,11,"1,667.19",24
1/30/2025,12,"1,598.70",25
1/30/2025,13,"1,571.00",27
1/30/2025,14,"1,601.10",29
1/30/2025,15,"1,671.51",29
1/30/2025,16,"1,817.61",30
1/30/2025,17,"2,001.56",29
1/30/2025,18,"2,156.72",27
1/30/2025,19,"2,167.45",26
1/30/2025,20,"2,126.02",24
1/30/2025,21,"2,056.11",22
1/30/2025,22,"1,932.46",21
1/30/2025,23,"1,795.25",23
1/30/2025,24,"1,682.92",24
1/31/2025,01,"1,596.42",25
1/31/2025,02,"1,540.97",24
1/31/2025,03,"1,512.17",30
1/31/2025,04,"1,511.32",27
1/31/2025,05,"1,535.86",27
1/31/2025,06,"1,621.82",28
1/31/2025,07,"1,922.12",35
1/31/2025,08,"1,834.43",38
1/31/2025,09,"1,929.38",40
1/31/2025,10,"1,902.67",41
1/31/2025,11,"1,898.11",41
1/31/2025,12,"1,907.69",42
1/31/2025,13,"1,904.65",41
1/31/2025,14,"1,872.83",42
1/31/2025,15,"1,863.83",42
1/31/2025,16,"1,867.82",41
1/31/2025,17,"1,905.32",41
1/31/2025,18,"1,949.39",39
1/31/2025,19,"1,911.36",40
1/31/2025,20,"1,813.88",40
1/31/2025,21,"1,765.35",40
1/31/2025,22,"1,679.90",40
1/31/2025,23,"1,636.21",39
1/31/2025,24,"1,354.15",38
2/1/2025,01,"1,397.68",40
2/1/2025,02,"1,349.68",39
2/1/2025,03,"1,328.65",35
2/1/2025,04,"1,324.27",35
2/1/2025,05,"1,343.27",34
2/1/2025,06,"1,395.39",34
2/1/2025,07,"1,484.28",34
2/1/2025,08,"1,588.98",33
2/1/2025,09,"1,697.58",33
2/1/2025,10,"1,779.35",32
2/1/2025,11,"1,843.77",33
2/1/2025,12,"1,878.95",31
2/1/2025,13,"1,885.72",31
2/1/2025,14,"1,914.44",31
2/1/2025,15,"1,793.15",31
2/1/2025,16,"1,812.80",31
2/1/2025,17,"1,929.93",29
2/1/2025,18,"2,056.36",27
2/1/2025,19,"2,063.38",25
2/1/2025,20,"2,031.07",24
2/1/2025,21,"1,987.00",22
2/1/2025,22,"1,901.17",20
2/1/2025,23,"1,811.52",19
2/1/2025,24,"1,746.94",18
2/2/2025,01,"1,682.34",17
2/2/2025,02,"1,642.98",16
2/2/2025,03,"1,625.52",14
2/2/2025,04,"1,621.95",14
2/2/2025,05,"1,638.99",13
2/2/2025,06,"1,744.27",11
2/2/2025,07,"1,755.69",12
2/2/2025,08,"1,825.77",11
2/2/2025,09,"1,818.89",13
2/2/2025,10,"1,770.38",16
2/2/2025,11,"1,808.64",19
2/2/2025,12,"1,825.67",20
2/2/2025,13,"1,808.67",22
2/2/2025,14,"1,816.11",26
2/2/2025,15,"1,865.95",26
2/2/2025,16,"1,914.31",27
2/2/2025,17,"2,021.17",27
2/2/2025,18,"2,123.38",29
2/2/2025,19,"2,100.24",28
2/2/2025,20,"2,046.33",29
2/2/2025,21,"1,954.44",29
2/2/2025,22,"1,808.49",30
2/2/2025,23,"1,689.14",30
2/2/2025,24,"1,596.40",32
2/3/2025,01,"1,522.16",29
2/3/2025,02,"1,474.71",28
2/3/2025,03,"1,456.22",28
2/3/2025,04,"1,453.82",28
2/3/2025,05,"1,497.29",28
2/3/2025,06,"1,703.25",28
2/3/2025,07,"1,786.77",28
2/3/2025,08,"1,858.83",28
2/3/2025,09,"1,881.72",30
2/3/2025,10,"1,858.60",34
2/3/2025,11,"1,768.95",36
2/3/2025,12,"1,638.86",38
2/3/2025,13,"1,632.12",39
2/3/2025,14,"1,610.90",39
2/3/2025,15,"1,593.64",42
2/3/2025,16,"1,709.31",42
2/3/2025,17,"1,824.61",42
2/3/2025,18,"1,993.29",39
2/3/2025,19,"1,998.43",36
2/3/2025,20,"1,910.52",36
2/3/2025,21,"1,827.69",37
2/3/2025,22,"1,731.70",38
2/3/2025,23,"1,611.62",40
2/3/2025,24,"1,318.61",41
2/4/2025,01,"1,383.87",42
2/4/2025,02,"1,334.52",41
2/4/2025,03,"1,307.40",41
2/4/2025,04,"1,307.33",41
2/4/2025,05,"1,346.92",41
2/4/2025,06,"1,460.25",41
2/4/2025,07,"1,642.47",40
2/4/2025,08,"1,734.56",39
2/4/2025,09,"1,689.37",38
2/4/2025,10,"1,541.49",40
2/4/2025,11,"1,541.24",42
2/4/2025,12,"1,472.40",42
2/4/2025,13,"1,435.06",44
2/4/2025,14,"1,476.80",44
2/4/2025,15,"1,573.02",44
2/4/2025,16,"1,679.71",41
2/4/2025,17,"1,842.71",37
2/4/2025,18,"2,013.00",35
2/4/2025,19,"2,039.87",33
2/4/2025,20,"2,017.57",32
2/4/2025,21,"1,956.46",31
2/4/2025,22,"1,855.30",29
2/4/2025,23,"1,725.22",28
2/4/2025,24,"1,623.09",27
2/5/2025,01,"1,562.38",26
2/5/2025,02,"1,533.00",24
2/5/2025,03,"1,523.51",23
2/5/2025,04,"1,537.45",22
2/5/2025,05,"1,589.86",20
2/5/2025,06,"1,715.45",21
2/5/2025,07,"1,896.13",21
2/5/2025,08,"1,979.02",21
2/5/2025,09,"1,893.86",21
2/5/2025,10,"1,747.32",23
2/5/2025,11,"1,638.08",25
2/5/2025,12,"1,569.28",28
2/5/2025,13,"1,543.00",29
2/5/2025,14,"1,564.85",30
2/5/2025,15,"1,631.33",31
2/5/2025,16,"1,760.44",31
2/5/2025,17,"1,949.88",30
2/5/2025,18,"2,102.86",28
2/5/2025,19,"2,136.24",26
2/5/2025,20,"2,114.11",25
2/5/2025,21,"2,065.23",23
2/5/2025,22,"1,968.67",23
2/5/2025,23,"1,840.14",22
2/5/2025,24,"1,735.49",21
2/6/2025,01,"1,672.17",19
2/6/2025,02,"1,638.10",18
2/6/2025,03,"1,623.19",17
2/6/2025,04,"1,628.37",18
2/6/2025,05,"1,664.08",18
2/6/2025,06,"1,749.95",21
2/6/2025,07,"1,882.72",22
2/6/2025,08,"1,982.82",24
2/6/2025,09,"2,041.75",24
2/6/2025,10,"2,087.41",25
2/6/2025,11,"2,108.49",31
2/6/2025,12,"2,114.02",32
2/6/2025,13,"2,095.72",32
2/6/2025,14,"2,069.80",34
2/6/2025,15,"2,048.94",35
2/6/2025,16,"2,018.37",34
2/6/2025,17,"2,042.18",34
2/6/2025,18,"2,103.94",33
2/6/2025,19,"2,086.31",33
2/6/2025,20,"2,029.73",33
2/6/2025,21,"1,942.63",33
2/6/2025,22,"1,820.08",33
2/6/2025,23,"1,675.82",35
2/6/2025,24,"1,555.62",35
2/7/2025,01,"1,480.81",36
2/7/2025,02,"1,431.47",34
2/7/2025,03,"1,406.32",33
2/7/2025,04,"1,406.16",36
2/7/2025,05,"1,434.80",37
2/7/2025,06,"1,537.87",39
2/7/2025,07,"1,696.63",38
2/7/2025,08,"1,783.77",37
2/7/2025,09,"1,746.74",38
2/7/2025,10,"1,619.74",39
2/7/2025,11,"1,589.57",40
2/7/2025,12,"1,525.93",39
2/7/2025,13,"1,443.09",37
2/7/2025,14,"1,455.97",37
2/7/2025,15,"1,515.34",35
2/7/2025,16,"1,650.03",36
2/7/2025,17,"1,831.58",34
2/7/2025,18,"1,983.27",32
2/7/2025,19,"2,000.43",31
2/7/2025,20,"1,960.50",29
2/7/2025,21,"1,910.95",29
2/7/2025,22,"1,834.17",28
2/7/2025,23,"1,725.48",27
2/7/2025,24,"1,625.66",27
2/8/2025,01,"1,558.58",26
2/8/2025,02,"1,514.33",26
2/8/2025,03,"1,493.41",26
2/8/2025,04,"1,497.44",25
2/8/2025,05,"1,516.50",25
2/8/2025,06,"1,569.03",24
2/8/2025,07,"1,654.34",24
2/8/2025,08,"1,721.42",24
2/8/2025,09,"1,672.00",25
2/8/2025,10,"1,603.11",27
2/8/2025,11,"1,528.11",31
2/8/2025,12,"1,469.76",32
2/8/2025,13,"1,492.24",34
2/8/2025,14,"1,488.92",34
2/8/2025,15,"1,586.77",35
2/8/2025,16,"1,703.23",34
2/8/2025,17,"1,801.70",33
2/8/2025,18,"1,953.25",33
2/8/2025,19,"1,958.62",32
2/8/2025,20,"1,910.48",31
2/8/2025,21,"1,851.55",30
2/8/2025,22,"1,767.39",30
2/8/2025,23,"1,664.88",30
2/8/2025,24,"1,579.13",27
2/9/2025,01,"1,515.03",27
2/9/2025,02,"1,469.36",28
2/9/2025,03,"1,442.86",27
2/9/2025,04,"1,429.29",27
2/9/2025,05,"1,431.37",27
2/9/2025,06,"1,460.17",28
2/9/2025,07,"1,519.62",28
2/9/2025,08,"1,590.97",28
2/9/2025,09,"1,692.96",28
2/9/2025,10,"1,788.84",29
2/9/2025,11,"1,850.33",28
2/9/2025,12,"1,898.37",28
2/9/2025,13,"1,931.89",29
2/9/2025,14,"1,932.85",29
2/9/2025,15,"1,927.92",30
2/9/2025,16,"1,931.73",31
2/9/2025,17,"1,991.74",32
2/9/2025,18,"2,093.28",32
2/9/2025,19,"2,044.80",32
2/9/2025,20,"1,933.33",32
2/9/2025,21,"1,870.43",29
2/9/2025,22,"1,801.69",26
2/9/2025,23,"1,713.33",25
2/9/2025,24,"1,616.25",25
2/10/2025,01,"1,539.16",24
2/10/2025,02,"1,498.98",25
2/10/2025,03,"1,485.03",24
2/10/2025,04,"1,493.36",24
2/10/2025,05,"1,541.52",24
2/10/2025,06,"1,660.19",24
2/10/2025,07,"1,839.57",25
2/10/2025,08,"1,936.14",26
2/10/2025,09,"1,934.97",27
2/10/2025,10,"1,918.67",28
2/10/2025,11,"1,894.21",31
2/10/2025,12,"1,875.84",32
2/10/2025,13,"1,877.15",33
2/10/2025,14,"1,894.95",34
2/10/2025,15,"1,897.78",33
2/10/2025,16,"1,914.53",32
2/10/2025,17,"1,970.16",32
2/10/2025,18,"2,092.30",31
2/10/2025,19,"2,125.94",30
2/10/2025,20,"2,078.85",28
2/10/2025,21,"2,011.62",26
2/10/2025,22,"1,903.18",25
2/10/2025,23,"1,767.87",25
2/10/2025,24,"1,660.51",22
2/11/2025,01,"1,604.93",21
2/11/2025,02,"1,584.67",15
2/11/2025,03,"1,582.75",16
2/11/2025,04,"1,601.36",17
2/11/2025,05,"1,661.90",15
2/11/2025,06,"1,783.98",14
2/11/2025,07,"1,968.78",14
2/11/2025,08,"2,055.01",13
2/11/2025,09,"2,046.64",17
2/11/2025,10,"2,007.61",21
2/11/2025,11,"1,951.51",26
2/11/2025,12,"1,942.08",29
2/11/2025,13,"1,913.48",30
2/11/2025,14,"1,910.82",30
2/11/2025,15,"1,913.76",31
2/11/2025,16,"1,944.70",32
2/11/2025,17,"2,013.88",32
2/11/2025,18,"2,118.78",31
2/11/2025,19,"2,126.37",30
2/11/2025,20,"2,077.17",30
2/11/2025,21,"1,998.34",29
2/11/2025,22,"1,877.05",28
2/11/2025,23,"1,731.59",29
2/11/2025,24,"1,611.45",29
2/12/2025,01,"1,535.75",28
2/12/2025,02,"1,491.99",28
2/12/2025,03,"1,471.28",27
2/12/2025,04,"1,471.00",27
2/12/2025,05,"1,514.09",27
2/12/2025,06,"1,623.05",28
2/12/2025,07,"1,784.47",28
2/12/2025,08,"1,894.45",29
2/12/2025,09,"1,925.33",29
2/12/2025,10,"1,894.28",29
2/12/2025,11,"1,893.27",31
2/12/2025,12,"1,922.57",32
2/12/2025,13,"1,943.19",34
2/12/2025,14,"1,952.00",34
2/12/2025,15,"1,938.47",33
2/12/2025,16,"1,947.05",32
2/12/2025,17,"1,991.77",32
2/12/2025,18,"2,102.16",32
2/12/2025,19,"2,074.83",32
2/12/2025,20,"2,020.31",32
2/12/2025,21,"1,941.81",32
2/12/2025,22,"1,828.05",32
2/12/2025,23,"1,686.82",33
2/12/2025,24,"1,575.80",32
2/13/2025,01,"1,504.10",31
2/13/2025,02,"1,460.75",31
2/13/2025,03,"1,438.79",31
2/13/2025,04,"1,441.32",32
2/13/2025,05,"1,471.07",32
2/13/2025,06,"1,576.09",32
2/13/2025,07,"1,812.25",33
2/13/2025,08,"1,850.93",33
2/13/2025,09,"1,960.10",33
2/13/2025,10,"1,993.35",34
2/13/2025,11,"1,912.38",34
2/13/2025,12,"1,910.91",35
2/13/2025,13,"1,875.46",36
2/13/2025,14,"1,831.28",36
2/13/2025,15,"1,736.85",37
2/13/2025,16,"1,778.79",39
2/13/2025,17,"1,941.90",39
2/13/2025,18,"1,976.52",40
2/13/2025,19,"1,814.95",40
2/13/2025,20,"1,916.08",40
2/13/2025,21,"1,858.10",39
2/13/2025,22,"1,769.68",39
2/13/2025,23,"1,660.04",37
2/13/2025,24,"1,558.25",35
2/14/2025,01,"1,493.20",33
2/14/2025,02,"1,456.81",32
2/14/2025,03,"1,445.82",31
2/14/2025,04,"1,455.24",31
2/14/2025,05,"1,509.12",30
2/14/2025,06,"1,621.71",29
2/14/2025,07,"1,790.60",28
2/14/2025,08,"1,844.26",28
2/14/2025,09,"1,763.43",28
2/14/2025,10,"1,660.56",30
2/14/2025,11,"1,573.11",31
2/14/2025,12,"1,518.33",32
2/14/2025,13,"1,482.69",34
2/14/2025,14,"1,495.57",34
2/14/2025,15,"1,549.86",33
2/14/2025,16,"1,664.67",33
2/14/2025,17,"1,833.05",32
2/14/2025,18,"2,000.43",31
2/14/2025,19,"2,027.69",29
2/14/2025,20,"1,980.17",28
2/14/2025,21,"1,919.05",27
2/14/2025,22,"1,836.86",26
2/14/2025,23,"1,737.54",25
2/14/2025,24,"1,645.60",24
2/15/2025,01,"1,582.38",24
2/15/2025,02,"1,539.39",24
2/15/2025,03,"1,519.55",24
2/15/2025,04,"1,514.83",23
2/15/2025,05,"1,536.77",22
2/15/2025,06,"1,593.75",21
2/15/2025,07,"1,677.33",21
2/15/2025,08,"1,718.58",19
2/15/2025,09,"1,697.89",22
2/15/2025,10,"1,664.08",25
2/15/2025,11,"1,633.13",26
2/15/2025,12,"1,670.50",28
2/15/2025,13,"1,741.04",27
2/15/2025,14,"1,782.99",27
2/15/2025,15,"1,829.97",28
2/15/2025,16,"1,881.83",28
2/15/2025,17,"1,930.08",28
2/15/2025,18,"2,025.33",28
2/15/2025,19,"2,023.26",26
2/15/2025,20,"1,975.56",26
2/15/2025,21,"1,912.22",26
2/15/2025,22,"1,827.22",26
2/15/2025,23,"1,728.01",26
2/15/2025,24,"1,625.17",26
2/16/2025,01,"1,553.44",26
2/16/2025,02,"1,503.28",26
2/16/2025,03,"1,469.95",26
2/16/2025,04,"1,452.86",28
2/16/2025,05,"1,452.93",29
2/16/2025,06,"1,475.09",30
2/16/2025,07,"1,530.35",31
2/16/2025,08,"1,595.20",32
2/16/2025,09,"1,696.09",32
2/16/2025,10,"1,779.86",33
2/16/2025,11,"1,844.96",33
2/16/2025,12,"1,884.97",33
2/16/2025,13,"1,893.53",34
2/16/2025,14,"1,882.21",35
2/16/2025,15,"1,880.55",35
2/16/2025,16,"1,889.10",35
2/16/2025,17,"1,901.69",35
2/16/2025,18,"1,948.28",35
2/16/2025,19,"1,912.94",35
2/16/2025,20,"1,838.02",34
2/16/2025,21,"1,756.04",35
2/16/2025,22,"1,660.18",40
2/16/2025,23,"1,571.00",38
2/16/2025,24,"1,496.61",37
2/17/2025,01,"1,450.44",36
2/17/2025,02,"1,426.97",33
2/17/2025,03,"1,422.82",31
2/17/2025,04,"1,435.86",31
2/17/2025,05,"1,483.36",29
2/17/2025,06,"1,568.80",28
2/17/2025,07,"1,685.99",28
2/17/2025,08,"1,758.87",27
2/17/2025,09,"1,749.85",27
2/17/2025,10,"1,709.69",28
2/17/2025,11,"1,673.22",28
2/17/2025,12,"1,648.42",29
2/17/2025,13,"1,646.30",30
2/17/2025,14,"1,669.23",30
2/17/2025,15,"1,728.00",28
2/17/2025,16,"1,820.06",29
2/17/2025,17,"1,975.01",29
2/17/2025,18,"2,128.83",28
2/17/2025,19,"2,153.72",27
2/17/2025,20,"2,119.31",26
2/17/2025,21,"2,056.97",25
2/17/2025,22,"1,965.54",24
2/17/2025,23,"1,850.50",23
2/17/2025,24,"1,747.83",22
2/18/2025,01,"1,691.07",21
2/18/2025,02,"1,654.80",20
2/18/2025,03,"1,643.32",20
2/18/2025,04,"1,650.14",20
2/18/2025,05,"1,696.13",19
2/18/2025,06,"1,797.24",18
2/18/2025,07,"1,940.29",18
2/18/2025,08,"2,007.24",17
2/18/2025,09,"1,947.30",19
2/18/2025,10,"1,858.54",20
2/18/2025,11,"1,783.19",21
2/18/2025,12,"1,738.61",22
2/18/2025,13,"1,713.72",23
2/18/2025,14,"1,732.81",24
2/18/2025,15,"1,772.54",25
2/18/2025,16,"1,873.27",25
2/18/2025,17,"2,034.73",24
2/18/2025,18,"2,194.09",23
2/18/2025,19,"2,245.13",22
2/18/2025,20,"2,200.41",21
2/18/2025,21,"2,134.60",21
2/18/2025,22,"2,034.95",21
2/18/2025,23,"1,900.51",20
2/18/2025,24,"1,785.82",20
2/19/2025,01,"1,713.17",19
2/19/2025,02,"1,669.66",19
2/19/2025,03,"1,649.75",18
2/19/2025,04,"1,657.83",18
2/19/2025,05,"1,697.30",18
2/19/2025,06,"1,791.77",18
2/19/2025,07,"1,929.36",18
2/19/2025,08,"1,980.93",18
2/19/2025,09,"1,907.02",20
2/19/2025,10,"1,805.34",21
2/19/2025,11,"1,717.49",23
2/19/2025,12,"1,660.65",25
2/19/2025,13,"1,621.11",27
2/19/2025,14,"1,620.18",28
2/19/2025,15,"1,662.64",30
2/19/2025,16,"1,754.33",31
2/19/2025,17,"1,897.69",31
2/19/2025,18,"2,059.14",29
2/19/2025,19,"2,112.72",28
2/19/2025,20,"2,073.31",26
2/19/2025,21,"2,013.65",25
2/19/2025,22,"1,914.50",23
2/19/2025,23,"1,796.33",23
2/19/2025,24,"1,696.92",21
2/20/2025,01,"1,640.90",20
2/20/2025,02,"1,607.38",19
2/20/2025,03,"1,597.31",18
2/20/2025,04,"1,608.51",18
2/20/2025,05,"1,653.33",17
2/20/2025,06,"1,758.86",17
2/20/2025,07,"1,899.91",17
2/20/2025,08,"1,976.60",15
2/20/2025,09,"1,927.19",18
2/20/2025,10,"1,868.74",20
2/20/2025,11,"1,792.47",23
2/20/2025,12,"1,812.29",26
2/20/2025,13,"1,846.66",29
2/20/2025,14,"1,887.42",31
2/20/2025,15,"1,895.57",32
2/20/2025,16,"1,919.69",30
2/20/2025,17,"1,998.18",29
2/20/2025,18,"2,094.49",29
2/20/2025,19,"2,104.33",28
2/20/2025,20,"2,050.76",28
2/20/2025,21,"1,985.07",28
2/20/2025,22,"1,890.81",28
2/20/2025,23,"1,773.35",28
2/20/2025,24,"1,665.83",27
2/21/2025,01,"1,598.06",26
2/21/2025,02,"1,558.18",25
2/21/2025,03,"1,550.23",24
2/21/2025,04,"1,564.13",23
2/21/2025,05,"1,607.17",22
2/21/2025,06,"1,704.56",22
2/21/2025,07,"1,841.08",21
2/21/2025,08,"1,890.44",21
2/21/2025,09,"1,828.95",23
2/21/2025,10,"1,737.21",25
2/21/2025,11,"1,668.81",28
2/21/2025,12,"1,575.63",30
2/21/2025,13,"1,519.53",32
2/21/2025,14,"1,527.11",34
2/21/2025,15,"1,560.03",35
2/21/2025,16,"1,660.78",35
2/21/2025,17,"1,817.99",33
2/21/2025,18,"1,984.77",33
2/21/2025,19,"2,036.38",30
2/21/2025,20,"1,989.74",30
2/21/2025,21,"1,938.72",29
2/21/2025,22,"1,863.77",27
2/21/2025,23,"1,766.56",25
2/21/2025,24,"1,671.79",23
2/22/2025,01,"1,610.40",22
2/22/2025,02,"1,574.63",21
2/22/2025,03,"1,560.52",20
2/22/2025,04,"1,562.90",19
2/22/2025,05,"1,586.55",19
2/22/2025,06,"1,646.64",19
2/22/2025,07,"1,789.94",18
2/22/2025,08,"1,744.67",19
2/22/2025,09,"1,740.91",21
2/22/2025,10,"1,665.40",22
2/22/2025,11,"1,577.13",26
2/22/2025,12,"1,505.71",29
2/22/2025,13,"1,446.11",33
2/22/2025,14,"1,417.34",35
2/22/2025,15,"1,454.35",36
2/22/2025,16,"1,581.98",37
2/22/2025,17,"1,716.12",38
2/22/2025,18,"1,887.24",36
2/22/2025,19,"1,939.08",34
2/22/2025,20,"1,900.59",31
2/22/2025,21,"1,843.38",27
2/22/2025,22,"1,766.81",27
2/22/2025,23,"1,651.48",28
2/22/2025,24,"1,562.32",27
2/23/2025,01,"1,518.73",28
2/23/2025,02,"1,478.11",27
2/23/2025,03,"1,453.54",31
2/23/2025,04,"1,442.29",31
2/23/2025,05,"1,446.09",30
2/23/2025,06,"1,470.52",30
2/23/2025,07,"1,525.36",30
2/23/2025,08,"1,535.49",30
2/23/2025,09,"1,496.02",32
2/23/2025,10,"1,421.45",36
2/23/2025,11,"1,386.36",38
2/23/2025,12,"1,342.65",38
2/23/2025,13,"1,285.79",41
2/23/2025,14,"1,298.31",43
2/23/2025,15,"1,359.10",43
2/23/2025,16,"1,475.21",43
2/23/2025,17,"1,656.72",44
2/23/2025,18,"1,846.21",41
2/23/2025,19,"1,900.76",39
2/23/2025,20,"1,857.80",37
2/23/2025,21,"1,790.59",36
2/23/2025,22,"1,687.27",36
2/23/2025,23,"1,567.99",34
2/23/2025,24,"1,464.70",33
2/24/2025,01,"1,405.27",33
2/24/2025,02,"1,380.61",32
2/24/2025,03,"1,367.58",30
2/24/2025,04,"1,382.81",32
2/24/2025,05,"1,433.26",29
2/24/2025,06,"1,554.99",29
2/24/2025,07,"1,730.87",31
2/24/2025,08,"1,790.88",30
2/24/2025,09,"1,682.62",33
2/24/2025,10,"1,500.60",36
2/24/2025,11,"1,395.52",38
2/24/2025,12,"1,326.51",39
2/24/2025,13,"1,298.04",41
2/24/2025,14,"1,375.33",40
2/24/2025,15,"1,424.81",41
2/24/2025,16,"1,501.10",41
2/24/2025,17,"1,701.34",42
2/24/2025,18,"1,890.13",40
2/24/2025,19,"1,950.51",39
2/24/2025,20,"1,896.58",38
2/24/2025,21,"1,821.44",38
2/24/2025,22,"1,704.93",39
2/24/2025,23,"1,560.69",39
2/24/2025,24,"1,449.21",40
2/25/2025,01,"1,374.27",40
2/25/2025,02,"1,334.65",38
2/25/2025,03,"1,320.90",37
2/25/2025,04,"1,322.16",37
2/25/2025,05,"1,362.93",34
2/25/2025,06,"1,473.61",35
2/25/2025,07,"1,637.70",34
2/25/2025,08,"1,680.29",34
2/25/2025,09,"1,657.09",40
2/25/2025,10,"1,542.51",43
2/25/2025,11,"1,459.54",46
2/25/2025,12,"1,372.82",49
2/25/2025,13,"1,306.00",51
2/25/2025,14,"1,301.23",51
2/25/2025,15,"1,387.48",46
2/25/2025,16,"1,459.70",47
2/25/2025,17,"1,613.00",50
2/25/2025,18,"1,782.93",47
2/25/2025,19,"1,847.72",45
2/25/2025,20,"1,784.69",44
2/25/2025,21,"1,722.75",42
2/25/2025,22,"1,620.27",42
2/25/2025,23,"1,496.31",40
2/25/2025,24,"1,391.41",40
2/26/2025,01,"1,225.93",39
2/26/2025,02,"1,305.82",39
2/26/2025,03,"1,295.94",39
2/26/2025,04,"1,312.47",38
2/26/2025,05,"1,350.93",40
2/26/2025,06,"1,460.38",40
2/26/2025,07,"1,611.78",40
2/26/2025,08,"1,652.28",40
2/26/2025,09,"1,510.08",43
2/26/2025,10,"1,350.15",47
2/26/2025,11,"1,255.27",50
2/26/2025,12,"1,227.70",51
2/26/2025,13,"1,210.83",52
2/26/2025,14,"1,215.54",52
2/26/2025,15,"1,253.01",53
2/26/2025,16,"1,355.65",53
2/26/2025,17,"1,531.62",52
2/26/2025,18,"1,733.18",50
2/26/2025,19,"1,798.00",47
2/26/2025,20,"1,770.64",46
2/26/2025,21,"1,710.21",45
2/26/2025,22,"1,621.57",44
2/26/2025,23,"1,494.67",43
2/26/2025,24,"1,370.20",42
2/27/2025,01,"1,301.62",41
2/27/2025,02,"1,280.32",39
2/27/2025,03,"1,263.73",39
2/27/2025,04,"1,265.89",39
2/27/2025,05,"1,302.66",38
2/27/2025,06,"1,411.93",37
2/27/2025,07,"1,586.14",37
2/27/2025,08,"1,703.88",38
2/27/2025,09,"1,725.73",39
2/27/2025,10,"1,745.30",40
2/27/2025,11,"1,690.32",43
2/27/2025,12,"1,513.67",45
2/27/2025,13,"1,521.34",51
2/27/2025,14,"1,577.91",51
2/27/2025,15,"1,620.09",50
2/27/2025,16,"1,654.45",49
2/27/2025,17,"1,722.88",49
2/27/2025,18,"1,816.94",49
2/27/2025,19,"1,836.78",49
2/27/2025,20,"1,784.56",48
2/27/2025,21,"1,696.51",48
2/27/2025,22,"1,616.53",48
2/27/2025,23,"1,491.34",47
2/27/2025,24,"1,356.86",46
2/28/2025,01,"1,291.00",46
2/28/2025,02,"1,263.06",44
2/28/2025,03,"1,244.38",43
2/28/2025,04,"1,250.91",41
2/28/2025,05,"1,295.86",39
2/28/2025,06,"1,407.55",37
2/28/2025,07,"1,572.04",36
2/28/2025,08,"1,608.45",37
2/28/2025,09,"1,453.63",40
2/28/2025,10,"1,384.83",44
2/28/2025,11,"1,267.00",45
2/28/2025,12,"1,208.23",47
2/28/2025,13,"1,187.34",47
2/28/2025,14,"1,193.12",45
2/28/2025,15,"1,242.47",46
2/28/2025,16,"1,368.94",46
2/28/2025,17,"1,569.75",44
2/28/2025,18,"1,742.10",42
2/28/2025,19,"1,783.82",40
2/28/2025,20,"1,756.32",39
2/28/2025,21,"1,702.74",39
2/28/2025,22,"1,641.39",37
2/28/2025,23,"1,533.78",37
2/28/2025,24,"1,414.45",37
3/1/2025,01,"1,361.52",36
3/1/2025,02,"1,320.05",37
3/1/2025,03,"1,288.02",38
3/1/2025,04,"1,277.56",39
3/1/2025,05,"1,288.97",41
3/1/2025,06,"1,330.18",41
3/1/2025,07,"1,381.28",42
3/1/2025,08,"1,395.18",42
3/1/2025,09,"1,413.35",43
3/1/2025,10,"1,389.39",47
3/1/2025,11,"1,411.11",50
3/1/2025,12,"1,421.84",48
3/1/2025,13,"1,440.48",48
3/1/2025,14,"1,481.76",48
3/1/2025,15,"1,496.10",47
3/1/2025,16,"1,499.28",50
3/1/2025,17,"1,571.13",53
3/1/2025,18,"1,719.11",50
3/1/2025,19,"1,763.05",38
3/1/2025,20,"1,739.50",37
3/1/2025,21,"1,711.46",34
3/1/2025,22,"1,665.44",30
3/1/2025,23,"1,596.42",28
3/1/2025,24,"1,528.49",25
3/2/2025,01,"1,482.27",24
3/2/2025,02,"1,454.09",23
3/2/2025,03,"1,443.47",22
3/2/2025,04,"1,447.47",21
3/2/2025,05,"1,479.81",20
3/2/2025,06,"1,533.25",19
3/2/2025,07,"1,578.92",19
3/2/2025,08,"1,551.52",18
3/2/2025,09,"1,476.39",19
3/2/2025,10,"1,409.77",20
3/2/2025,11,"1,356.30",23
3/2/2025,12,"1,334.10",24
3/2/2025,13,"1,338.03",27
3/2/2025,14,"1,361.86",28
3/2/2025,15,"1,449.84",28
3/2/2025,16,"1,595.41",29
3/2/2025,17,"1,784.03",28
3/2/2025,18,"1,970.74",27
3/2/2025,19,"2,031.85",25
3/2/2025,20,"1,994.37",23
3/2/2025,21,"1,944.81",22
3/2/2025,22,"1,857.16",21
3/2/2025,23,"1,737.13",20
3/2/2025,24,"1,644.96",19
3/3/2025,01,"1,578.32",18
3/3/2025,02,"1,553.31",17
3/3/2025,03,"1,546.54",17
3/3/2025,04,"1,563.47",16
3/3/2025,05,"1,621.75",15
3/3/2025,06,"1,750.34",14
3/3/2025,07,"1,921.90",13
3/3/2025,08,"1,940.97",14
3/3/2025,09,"1,836.48",15
3/3/2025,10,"1,774.14",18
3/3/2025,11,"1,660.37",21
3/3/2025,12,"1,607.54",24
3/3/2025,13,"1,581.69",28
3/3/2025,14,"1,587.51",30
3/3/2025,15,"1,640.13",31
3/3/2025,16,"1,760.78",34
3/3/2025,17,"1,946.82",34
3/3/2025,18,"2,139.87",32
3/3/2025,19,"2,226.94",30
3/3/2025,20,"2,185.46",29
3/3/2025,21,"2,127.95",27
3/3/2025,22,"2,014.86",27
3/3/2025,23,"1,875.72",25
3/3/2025,24,"1,865.97",24
3/4/2025,01,"1,654.15",24
3/4/2025,02,"1,621.80",25
3/4/2025,03,"1,599.45",26
3/4/2025,04,"1,644.35",25
3/4/2025,05,"1,653.49",25
3/4/2025,06,"1,777.27",22
3/4/2025,07,"1,913.75",23
3/4/2025,08,"1,759.15",24
3/4/2025,09,"1,699.69",33
3/4/2025,10,"1,688.82",39
3/4/2025,11,"1,517.45",39
3/4/2025,12,"1,481.96",42
3/4/2025,13,"1,394.50",46
3/4/2025,14,"1,430.76",46
3/4/2025,15,"1,507.84",47
3/4/2025,16,"1,660.03",48
3/4/2025,17,"1,803.95",46
3/4/2025,18,"1,998.15",44
3/4/2025,19,"2,038.18",43
3/4/2025,20,"1,989.57",42
3/4/2025,21,"1,927.66",41
3/4/2025,22,"1,800.49",42
3/4/2025,23,"1,655.73",44
3/4/2025,24,"1,511.21",44
3/5/2025,01,"1,434.96",45
3/5/2025,02,"1,389.47",44
3/5/2025,03,"1,369.56",41
3/5/2025,04,"1,349.22",40
3/5/2025,05,"1,410.99",39
3/5/2025,06,"1,508.38",42
3/5/2025,07,"1,614.15",43
3/5/2025,08,"1,662.74",47
3/5/2025,09,"1,734.64",48
3/5/2025,10,"1,691.81",50
3/5/2025,11,"1,623.74",52
3/5/2025,12,"1,526.97",54
3/5/2025,13,"1,615.16",58
3/5/2025,14,"1,588.78",57
3/5/2025,15,"1,583.75",57
3/5/2025,16,"1,683.82",55
3/5/2025,17,"1,721.02",54
3/5/2025,18,"1,847.01",51
3/5/2025,19,"1,921.72",50
3/5/2025,20,"1,860.23",50
3/5/2025,21,"1,754.10",50
3/5/2025,22,"1,705.22",48
3/5/2025,23,"1,560.15",47
3/5/2025,24,"1,469.58",47
3/6/2025,01,"1,349.82",49
3/6/2025,02,"1,305.62",52
3/6/2025,03,"1,280.71",51
3/6/2025,04,"1,283.17",52
3/6/2025,05,"1,311.23",52
3/6/2025,06,"1,407.10",52
3/6/2025,07,"1,542.76",51
3/6/2025,08,"1,610.24",50
3/6/2025,09,"1,636.14",49
3/6/2025,10,"1,603.03",49
3/6/2025,11,"1,576.95",47
3/6/2025,12,"1,618.65",47
3/6/2025,13,"1,603.23",48
3/6/2025,14,"1,588.00",47
3/6/2025,15,"1,594.57",48
3/6/2025,16,"1,664.62",48
3/6/2025,17,"1,768.45",47
3/6/2025,18,"1,879.76",49
3/6/2025,19,"1,912.10",48
3/6/2025,20,"1,867.78",44
3/6/2025,21,"1,804.06",44
3/6/2025,22,"1,719.63",42
3/6/2025,23,"1,620.42",39
3/6/2025,24,"1,541.58",35
3/7/2025,01,"1,461.12",34
3/7/2025,02,"1,436.25",33
3/7/2025,03,"1,435.03",33
3/7/2025,04,"1,460.73",33
3/7/2025,05,"1,534.31",32
3/7/2025,06,"1,666.18",31
3/7/2025,07,"1,803.23",30
3/7/2025,08,"1,778.73",30
3/7/2025,09,"1,576.32",32
3/7/2025,10,"1,442.80",35
3/7/2025,11,"1,341.17",38
3/7/2025,12,"1,297.06",41
3/7/2025,13,"1,383.83",41
3/7/2025,14,"1,482.28",41
3/7/2025,15,"1,482.46",42
3/7/2025,16,"1,531.40",41
3/7/2025,17,"1,663.93",41
3/7/2025,18,"1,825.10",40
3/7/2025,19,"1,899.45",38
3/7/2025,20,"1,862.69",37
3/7/2025,21,"1,804.90",36
3/7/2025,22,"1,731.18",35
3/7/2025,23,"1,630.39",34
3/7/2025,24,"1,523.97",33
3/8/2025,01,"1,449.01",33
3/8/2025,02,"1,400.13",34
3/8/2025,03,"1,372.91",35
3/8/2025,04,"1,370.72",34
3/8/2025,05,"1,383.53",33
3/8/2025,06,"1,428.15",31
3/8/2025,07,"1,495.07",32
3/8/2025,08,"1,538.46",33
3/8/2025,09,"1,503.72",35
3/8/2025,10,"1,387.37",37
3/8/2025,11,"1,324.17",41
3/8/2025,12,"1,275.42",42
3/8/2025,13,"1,208.96",42
3/8/2025,14,"1,219.05",43
3/8/2025,15,"1,269.78",41
3/8/2025,16,"1,404.00",41
3/8/2025,17,"1,576.39",39
3/8/2025,18,"1,754.05",38
3/8/2025,19,"1,838.74",36
3/8/2025,20,"1,802.84",35
3/8/2025,21,"1,757.80",34
3/8/2025,22,"1,691.49",32
3/8/2025,23,"1,605.02",32
3/8/2025,24,"1,513.62",31
3/9/2025,01,"1,452.32",31
3/9/2025,03,"1,410.82",30
3/9/2025,04,"1,394.74",30
3/9/2025,05,"1,393.39",30
3/9/2025,06,"1,419.87",29
3/9/2025,07,"1,478.00",29
3/9/2025,08,"1,511.73",28
3/9/2025,09,"1,465.89",30
3/9/2025,10,"1,376.55",33
3/9/2025,11,"1,284.25",35
3/9/2025,12,"1,218.51",38
3/9/2025,13,"1,191.35",41
3/9/2025,14,"1,169.94",44
3/9/2025,15,"1,266.67",47
3/9/2025,16,"1,316.08",45
3/9/2025,17,"1,483.61",44
3/9/2025,18,"1,623.07",45
3/9/2025,19,"1,736.24",45
3/9/2025,20,"1,794.85",43
3/9/2025,21,"1,757.82",41
3/9/2025,22,"1,668.56",37
3/9/2025,23,"1,553.05",35
3/9/2025,24,"1,446.55",33
3/10/2025,01,"1,381.57",32
3/10/2025,02,"1,347.65",34
3/10/2025,03,"1,334.13",29
3/10/2025,04,"1,331.17",30
3/10/2025,05,"1,356.16",32
3/10/2025,06,"1,452.74",33
3/10/2025,07,"1,615.18",33
3/10/2025,08,"1,711.53",39
3/10/2025,09,"1,625.54",42
3/10/2025,10,"1,465.36",47
3/10/2025,11,"1,318.37",52
3/10/2025,12,"1,224.29",56
3/10/2025,13,"1,218.19",57
3/10/2025,14,"1,227.03",58
3/10/2025,15,"1,170.07",60
3/10/2025,16,"1,187.96",61
3/10/2025,17,"1,315.04",63
3/10/2025,18,"1,481.35",63
3/10/2025,19,"1,627.41",61
3/10/2025,20,"1,695.36",55
3/10/2025,21,"1,649.55",50
3/10/2025,22,"1,563.29",49
3/10/2025,23,"1,442.07",48
3/10/2025,24,"1,338.96",46
3/11/2025,01,"1,275.40",43
3/11/2025,02,"1,240.05",39
3/11/2025,03,"1,231.17",38
3/11/2025,04,"1,243.38",36
3/11/2025,05,"1,292.00",35
3/11/2025,06,"1,405.79",32
3/11/2025,07,"1,586.89",31
3/11/2025,08,"1,681.61",33
3/11/2025,09,"1,594.34",34
3/11/2025,10,"1,418.47",42
3/11/2025,11,"1,277.50",50
3/11/2025,12,"1,176.22",56
3/11/2025,13,"1,102.92",55
3/11/2025,14,"1,077.66",55
3/11/2025,15,"1,088.24",60
3/11/2025,16,"1,152.26",61
3/11/2025,17,"1,286.69",60
3/11/2025,18,"1,462.77",58
3/11/2025,19,"1,604.77",56
3/11/2025,20,"1,675.39",51
3/11/2025,21,"1,630.92",49
3/11/2025,22,"1,532.01",48
3/11/2025,23,"1,405.77",45
3/11/2025,24,"1,293.97",43
3/12/2025,01,"1,225.71",43
3/12/2025,02,"1,182.33",42
3/12/2025,03,"1,166.46",41
3/12/2025,04,"1,170.34",39
3/12/2025,05,"1,217.10",43
3/12/2025,06,"1,327.07",41
3/12/2025,07,"1,507.08",44
3/12/2025,08,"1,601.26",43
3/12/2025,09,"1,553.72",43
3/12/2025,10,"1,442.71",44
3/12/2025,11,"1,308.32",45
3/12/2025,12,"1,191.02",47
3/12/2025,13,"1,124.45",49
3/12/2025,14,"1,108.29",50
3/12/2025,15,"1,146.20",50
3/12/2025,16,"1,215.07",51
3/12/2025,17,"1,351.53",51
3/12/2025,18,"1,542.52",52
3/12/2025,19,"1,690.22",47
3/12/2025,20,"1,760.61",43
3/12/2025,21,"1,716.32",41
3/12/2025,22,"1,622.52",41
3/12/2025,23,"1,493.23",39
3/12/2025,24,"1,377.63",38
3/13/2025,01,"1,301.50",37
3/13/2025,02,"1,260.83",37
3/13/2025,03,"1,240.02",38
3/13/2025,04,"1,283.37",37
3/13/2025,05,"1,264.16",37
3/13/2025,06,"1,358.78",37
3/13/2025,07,"1,564.52",35
3/13/2025,08,"1,674.68",36
3/13/2025,09,"1,607.10",36
3/13/2025,10,"1,470.78",37
3/13/2025,11,"1,330.64",41
3/13/2025,12,"1,242.70",44
3/13/2025,13,"1,203.09",46
3/13/2025,14,"1,168.37",47
3/13/2025,15,"1,186.06",47
3/13/2025,16,"1,256.58",47
3/13/2025,17,"1,390.92",46
3/13/2025,18,"1,566.19",47
3/13/2025,19,"1,697.00",46
3/13/2025,20,"1,771.73",42
3/13/2025,21,"1,730.77",40
3/13/2025,22,"1,649.82",38
3/13/2025,23,"1,490.96",38
3/13/2025,24,"1,430.78",38
3/14/2025,01,"1,289.96",38
3/14/2025,02,"1,264.63",38
3/14/2025,03,"1,215.46",38
3/14/2025,04,"1,237.04",39
3/14/2025,05,"1,269.03",39
3/14/2025,06,"1,379.30",39
3/14/2025,07,"1,538.63",38
3/14/2025,08,"1,637.70",39
3/14/2025,09,"1,641.51",38
3/14/2025,10,"1,576.87",40
3/14/2025,11,"1,335.89",42
3/14/2025,12,"1,237.14",45
3/14/2025,13,"1,150.55",49
3/14/2025,14,"1,117.42",52
3/14/2025,15,"1,121.42",55
3/14/2025,16,"1,155.50",57
3/14/2025,17,"1,281.69",57
3/14/2025,18,"1,456.83",56
3/14/2025,19,"1,551.84",53
3/14/2025,20,"1,617.75",49
3/14/2025,21,"1,587.20",46
3/14/2025,22,"1,526.16",43
3/14/2025,23,"1,436.78",42
3/14/2025,24,"1,299.25",40
3/15/2025,01,"1,266.06",40
3/15/2025,02,"1,221.36",40
3/15/2025,03,"1,196.50",38
3/15/2025,04,"1,187.87",41
3/15/2025,05,"1,199.27",40
3/15/2025,06,"1,238.01",40
3/15/2025,07,"1,315.50",41
3/15/2025,08,"1,389.48",41
3/15/2025,09,"1,456.55",42
3/15/2025,10,"1,487.07",43
3/15/2025,11,"1,445.83",44
3/15/2025,12,"1,321.24",44
3/15/2025,13,"1,149.32",44
3/15/2025,14,"1,087.58",45
3/15/2025,15,"1,126.93",47
3/15/2025,16,"1,197.40",48
3/15/2025,17,"1,314.08",48
3/15/2025,18,"1,463.03",45
3/15/2025,19,"1,549.55",45
3/15/2025,20,"1,588.05",42
3/15/2025,21,"1,550.71",43
3/15/2025,22,"1,483.02",42
3/15/2025,23,"1,389.19",43
3/15/2025,24,"1,295.80",43
3/16/2025,01,"1,221.46",44
3/16/2025,02,"1,167.55",44
3/16/2025,03,"1,135.13",44
3/16/2025,04,"1,120.98",44
3/16/2025,05,"1,120.89",44
3/16/2025,06,"1,148.52",45
3/16/2025,07,"1,208.55",45
3/16/2025,08,"1,271.11",46
3/16/2025,09,"1,331.84",47
3/16/2025,10,"1,369.26",48
3/16/2025,11,"1,333.96",50
3/16/2025,12,"1,255.85",60
3/16/2025,13,"1,172.00",63
3/16/2025,14,"1,143.65",67
3/16/2025,15,"1,130.49",67
3/16/2025,16,"1,192.03",68
3/16/2025,17,"1,311.40",67
3/16/2025,18,"1,468.14",64
3/16/2025,19,"1,547.53",62
3/16/2025,20,"1,582.16",58
3/16/2025,21,"1,527.21",59
3/16/2025,22,"1,428.27",59
3/16/2025,23,"1,307.69",59
3/16/2025,24,"1,199.52",61
3/17/2025,01,"1,129.48",60
3/17/2025,02,"1,088.33",59
3/17/2025,03,"1,063.84",58
3/17/2025,04,"1,061.94",59
3/17/2025,05,"1,093.44",57
3/17/2025,06,"1,182.95",57
3/17/2025,07,"1,344.14",56
3/17/2025,08,"1,478.38",55
3/17/2025,09,"1,538.14",54
3/17/2025,10,"1,577.23",54
3/17/2025,11,"1,608.05",52
3/17/2025,12,"1,599.28",51
3/17/2025,13,"1,593.38",51
3/17/2025,14,"1,599.77",53
3/17/2025,15,"1,570.45",58
3/17/2025,16,"1,576.29",55
3/17/2025,17,"1,617.20",52
3/17/2025,18,"1,681.86",52
3/17/2025,19,"1,703.37",52
3/17/2025,20,"1,685.64",51
3/17/2025,21,"1,620.55",48
3/17/2025,22,"1,525.57",48
3/17/2025,23,"1,400.45",46
3/17/2025,24,"1,289.42",45
3/18/2025,01,"1,220.24",44
3/18/2025,02,"1,180.95",43
3/18/2025,03,"1,166.73",42
3/18/2025,04,"1,172.16",40
3/18/2025,05,"1,217.46",39
3/18/2025,06,"1,330.95",38
3/18/2025,07,"1,495.48",38
3/18/2025,08,"1,625.51",38
3/18/2025,09,"1,623.96",38
3/18/2025,10,"1,535.09",40
3/18/2025,11,"1,427.44",42
3/18/2025,12,"1,396.28",45
3/18/2025,13,"1,341.48",46
3/18/2025,14,"1,247.27",49
3/18/2025,15,"1,222.57",51
3/18/2025,16,"1,349.56",53
3/18/2025,17,"1,419.66",52
3/18/2025,18,"1,546.92",53
3/18/2025,19,"1,667.47",51
3/18/2025,20,"1,753.88",48
3/18/2025,21,"1,712.46",45
3/18/2025,22,"1,613.81",43
3/18/2025,23,"1,485.47",42
3/18/2025,24,"1,372.30",40
3/19/2025,01,"1,304.41",39
3/19/2025,02,"1,267.49",39
3/19/2025,03,"1,256.12",38
3/19/2025,04,"1,262.11",37
3/19/2025,05,"1,302.30",37
3/19/2025,06,"1,410.13",35
3/19/2025,07,"1,590.70",37
3/19/2025,08,"1,666.14",36
3/19/2025,09,"1,571.84",38
3/19/2025,10,"1,433.24",43
3/19/2025,11,"1,309.50",47
3/19/2025,12,"1,223.59",51
3/19/2025,13,"1,165.76",54
3/19/2025,14,"1,150.20",59
3/19/2025,15,"1,172.81",62
3/19/2025,16,"1,244.67",63
3/19/2025,17,"1,361.81",63
3/19/2025,18,"1,517.24",62
3/19/2025,19,"1,656.37",58
3/19/2025,20,"1,727.41",50
3/19/2025,21,"1,670.21",45
3/19/2025,22,"1,575.56",42
3/19/2025,23,"1,443.08",41
3/19/2025,24,"1,330.06",41
3/20/2025,01,"1,250.17",40
3/20/2025,02,"1,206.35",40
3/20/2025,03,"1,184.46",40
3/20/2025,04,"1,189.14",41
3/20/2025,05,"1,223.93",41
3/20/2025,06,"1,333.33",41
3/20/2025,07,"1,505.48",40
3/20/2025,08,"1,598.51",40
3/20/2025,09,"1,601.52",41
3/20/2025,10,"1,568.72",42
3/20/2025,11,"1,528.17",43
3/20/2025,12,"1,485.19",44
3/20/2025,13,"1,410.40",45
3/20/2025,14,"1,351.63",47
3/20/2025,15,"1,328.06",48
3/20/2025,16,"1,368.76",49
3/20/2025,17,"1,428.97",49
3/20/2025,18,"1,556.51",47
3/20/2025,19,"1,654.30",45
3/20/2025,20,"1,683.97",45
3/20/2025,21,"1,632.06",44
3/20/2025,22,"1,532.92",45
3/20/2025,23,"1,402.82",45
3/20/2025,24,"1,286.70",45
3/21/2025,01,"1,119.39",45
3/21/2025,02,"1,072.20",45
3/21/2025,03,"1,049.92",45
3/21/2025,04,"1,049.31",45
3/21/2025,05,"1,109.75",45
3/21/2025,06,"1,288.27",45
3/21/2025,07,"1,456.12",45
3/21/2025,08,"1,576.97",46
3/21/2025,09,"1,640.34",44
3/21/2025,10,"1,618.24",43
3/21/2025,11,"1,519.60",43
3/21/2025,12,"1,458.06",44
3/21/2025,13,"1,493.49",45
3/21/2025,14,"1,467.77",42
3/21/2025,15,"1,420.29",45
3/21/2025,16,"1,406.59",45
3/21/2025,17,"1,425.82",47
3/21/2025,18,"1,536.61",47
3/21/2025,19,"1,657.88",47
3/21/2025,20,"1,726.31",45
3/21/2025,21,"1,691.86",44
3/21/2025,22,"1,618.21",43
3/21/2025,23,"1,509.26",42
3/21/2025,24,"1,406.89",40
3/22/2025,01,"1,286.59",39
3/22/2025,02,"1,249.10",39
3/22/2025,03,"1,245.47",39
3/22/2025,04,"1,258.85",39
3/22/2025,05,"1,289.59",38
3/22/2025,06,"1,261.06",37
3/22/2025,07,"1,417.05",35
3/22/2025,08,"1,356.95",32
3/22/2025,09,"1,378.12",37
3/22/2025,10,"1,291.47",44
3/22/2025,11,"1,148.43",51
3/22/2025,12,"1,106.60",56
3/22/2025,13,"1,043.76",57
3/22/2025,14,"1,023.14",59
3/22/2025,15,"1,060.90",60
3/22/2025,16,"1,112.80",59
3/22/2025,17,"1,294.55",58
3/22/2025,18,"1,412.69",58
3/22/2025,19,"1,481.93",55
3/22/2025,20,"1,541.87",52
3/22/2025,21,"1,535.80",48
3/22/2025,22,"1,458.16",48
3/22/2025,23,"1,354.98",49
3/22/2025,24,"1,352.16",43
3/23/2025,01,"1,245.30",40
3/23/2025,02,"1,220.44",37
3/23/2025,03,"1,212.16",34
3/23/2025,04,"1,214.88",34
3/23/2025,05,"1,235.49",32
3/23/2025,06,"1,285.01",31
3/23/2025,07,"1,359.27",31
3/23/2025,08,"1,409.29",30
3/23/2025,09,"1,360.21",31
3/23/2025,10,"1,282.19",32
3/23/2025,11,"1,195.52",34
3/23/2025,12,"1,136.57",36
3/23/2025,13,"1,103.55",38
3/23/2025,14,"1,073.86",41
3/23/2025,15,"1,080.17",43
3/23/2025,16,"1,142.52",44
3/23/2025,17,"1,282.41",45
3/23/2025,18,"1,475.21",46
3/23/2025,19,"1,635.24",44
3/23/2025,20,"1,723.23",42
3/23/2025,21,"1,695.51",40
3/23/2025,22,"1,610.55",39
3/23/2025,23,"1,488.29",38
3/23/2025,24,"1,389.35",37
3/24/2025,01,"1,330.39",35
3/24/2025,02,"1,297.81",33
3/24/2025,03,"1,282.42",31
3/24/2025,04,"1,286.06",33
3/24/2025,05,"1,325.81",32
3/24/2025,06,"1,430.74",31
3/24/2025,07,"1,600.62",32
3/24/2025,08,"1,709.07",34
3/24/2025,09,"1,750.61",40
3/24/2025,10,"1,788.97",38
3/24/2025,11,"1,801.16",37
3/24/2025,12,"1,803.46",38
3/24/2025,13,"1,782.44",39
3/24/2025,14,"1,795.91",40
3/24/2025,15,"1,755.64",42
3/24/2025,16,"1,762.72",44
3/24/2025,17,"1,797.74",46
3/24/2025,18,"1,842.86",47
3/24/2025,19,"1,853.76",46
3/24/2025,20,"1,827.04",47
3/24/2025,21,"1,736.68",47
3/24/2025,22,"1,616.53",47
3/24/2025,23,"1,478.91",48
3/24/2025,24,"1,366.15",45
3/25/2025,01,"1,295.94",44
3/25/2025,02,"1,257.72",43
3/25/2025,03,"1,246.01",40
3/25/2025,04,"1,252.26",38
3/25/2025,05,"1,293.40",40
3/25/2025,06,"1,397.61",37
3/25/2025,07,"1,568.04",39
3/25/2025,08,"1,641.95",38
3/25/2025,09,"1,557.30",40
3/25/2025,10,"1,387.31",45
3/25/2025,11,"1,259.38",50
3/25/2025,12,"1,180.80",51
3/25/2025,13,"1,123.66",54
3/25/2025,14,"1,108.28",55
3/25/2025,15,"1,164.20",56
3/25/2025,16,"1,244.60",55
3/25/2025,17,"1,330.29",55
3/25/2025,18,"1,477.94",55
3/25/2025,19,"1,609.50",54
3/25/2025,20,"1,690.50",51
3/25/2025,21,"1,653.77",49
3/25/2025,22,"1,563.76",48
3/25/2025,23,"1,435.68",46
3/25/2025,24,"1,327.13",43
3/26/2025,01,"1,259.89",43
3/26/2025,02,"1,227.69",40
3/26/2025,03,"1,212.46",40
3/26/2025,04,"1,223.17",40
3/26/2025,05,"1,262.20",40
3/26/2025,06,"1,365.87",39
3/26/2025,07,"1,540.94",42
3/26/2025,08,"1,624.14",41
3/26/2025,09,"1,615.42",41
3/26/2025,10,"1,577.59",45
3/26/2025,11,"1,513.85",48
3/26/2025,12,"1,474.79",49
3/26/2025,13,"1,415.52",51
3/26/2025,14,"1,349.81",50
3/26/2025,15,"1,356.09",52
3/26/2025,16,"1,401.28",50
3/26/2025,17,"1,426.99",50
3/26/2025,18,"1,548.83",50
3/26/2025,19,"1,661.17",49
3/26/2025,20,"1,733.31",48
3/26/2025,21,"1,688.78",46
3/26/2025,22,"1,591.69",44
3/26/2025,23,"1,458.53",42
3/26/2025,24,"1,346.61",41
3/27/2025,01,"1,278.75",41
3/27/2025,02,"1,242.74",39
3/27/2025,03,"1,229.69",36
3/27/2025,04,"1,245.48",35
3/27/2025,05,"1,299.31",33
3/27/2025,06,"1,420.28",32
3/27/2025,07,"1,600.10",31
3/27/2025,08,"1,663.33",31
3/27/2025,09,"1,546.86",34
3/27/2025,10,"1,404.11",37
3/27/2025,11,"1,297.60",40
3/27/2025,12,"1,304.44",42
3/27/2025,13,"1,345.11",45
3/27/2025,14,"1,318.39",46
3/27/2025,15,"1,293.99",46
3/27/2025,16,"1,320.10",47
3/27/2025,17,"1,379.54",49
3/27/2025,18,"1,504.43",49
3/27/2025,19,"1,635.10",49
3/27/2025,20,"1,730.06",47
3/27/2025,21,"1,707.64",44
3/27/2025,22,"1,621.56",42
3/27/2025,23,"1,491.37",39
3/27/2025,24,"1,386.47",38
3/28/2025,01,"1,317.84",37
3/28/2025,02,"1,284.33",34
3/28/2025,03,"1,266.28",33
3/28/2025,04,"1,264.43",32
3/28/2025,05,"1,289.27",39
3/28/2025,06,"1,381.76",43
3/28/2025,07,"1,539.44",42
3/28/2025,08,"1,600.62",42
3/28/2025,09,"1,493.14",43
3/28/2025,10,"1,355.95",47
3/28/2025,11,"1,330.76",52
3/28/2025,12,"1,352.83",53
3/28/2025,13,"1,250.97",53
3/28/2025,14,"1,098.47",56
3/28/2025,15,"1,150.12",59
3/28/2025,16,"1,257.50",61
3/28/2025,17,"1,293.79",59
3/28/2025,18,"1,429.81",59
3/28/2025,19,"1,535.72",59
3/28/2025,20,"1,583.88",57
3/28/2025,21,"1,543.32",54
3/28/2025,22,"1,465.09",53
3/28/2025,23,"1,363.04",53
3/28/2025,24,"1,259.03",52
3/29/2025,01,"1,185.00",51
3/29/2025,02,"1,136.11",50
3/29/2025,03,"1,112.66",48
3/29/2025,04,"1,107.30",46
3/29/2025,05,"1,114.15",45
3/29/2025,06,"1,158.54",45
3/29/2025,07,"1,241.96",45
3/29/2025,08,"1,312.93",45
3/29/2025,09,"1,376.31",48
3/29/2025,10,"1,448.16",43
3/29/2025,11,"1,497.34",45
3/29/2025,12,"1,551.42",46
3/29/2025,13,"1,581.26",42
3/29/2025,14,"1,583.49",41
3/29/2025,15,"1,604.71",40
3/29/2025,16,"1,625.79",39
3/29/2025,17,"1,652.22",39
3/29/2025,18,"1,697.82",38
3/29/2025,19,"1,706.01",38
3/29/2025,20,"1,707.58",37
3/29/2025,21,"1,656.48",37
3/29/2025,22,"1,579.28",36
3/29/2025,23,"1,484.22",36
3/29/2025,24,"1,379.39",36
3/30/2025,01,"1,311.92",36
3/30/2025,02,"1,263.77",37
3/30/2025,03,"1,233.33",37
3/30/2025,04,"1,221.63",37
3/30/2025,05,"1,226.74",36
3/30/2025,06,"1,254.77",37
3/30/2025,07,"1,319.68",37
3/30/2025,08,"1,399.08",37
3/30/2025,09,"1,476.43",38
3/30/2025,10,"1,507.86",39
3/30/2025,11,"1,501.90",39
3/30/2025,12,"1,503.87",41
3/30/2025,13,"1,521.09",41
3/30/2025,14,"1,492.64",43
3/30/2025,15,"1,479.84",44
3/30/2025,16,"1,520.63",44
3/30/2025,17,"1,568.66",44
3/30/2025,18,"1,650.56",44
3/30/2025,19,"1,692.20",44
3/30/2025,20,"1,707.12",44
3/30/2025,21,"1,651.34",44
3/30/2025,22,"1,547.39",43
3/30/2025,23,"1,415.21",43
3/30/2025,24,"1,300.56",42
3/31/2025,01,"1,226.70",42
3/31/2025,02,"1,180.53",42
3/31/2025,03,"1,160.32",42
3/31/2025,04,"1,154.53",43
3/31/2025,05,"1,192.12",43
3/31/2025,06,"1,294.22",44
3/31/2025,07,"1,450.64",45
3/31/2025,08,"1,542.03",51
3/31/2025,09,"1,553.20",52
3/31/2025,10,"1,562.88",54
3/31/2025,11,"1,546.13",56
3/31/2025,12,"1,518.06",56
3/31/2025,13,"1,504.24",57
3/31/2025,14,"1,563.21",55
3/31/2025,15,"1,535.23",56
3/31/2025,16,"1,525.90",56
3/31/2025,17,"1,560.38",57
3/31/2025,18,"1,611.32",58
3/31/2025,19,"1,663.18",59
3/31/2025,20,"1,675.74",56
3/31/2025,21,"1,614.29",55
3/31/2025,22,"1,499.33",55
3/31/2025,23,"1,366.81",57
3/31/2025,24,"1,239.62",58
4/1/2025,01,"1,180.30",54
4/1/2025,02,"1,134.71",55
4/1/2025,03,"1,113.66",55
4/1/2025,04,"1,106.01",54
4/1/2025,05,"1,132.08",51
4/1/2025,06,"1,232.41",54
4/1/2025,07,"1,398.47",48
4/1/2025,08,"1,514.90",47
4/1/2025,09,"1,561.31",46
4/1/2025,10,"1,500.00",45
4/1/2025,11,"1,316.12",46
4/1/2025,12,"1,114.19",49
4/1/2025,13,"1,047.53",51
4/1/2025,14,"1,023.45",52
4/1/2025,15,"1,038.82",54
4/1/2025,16,"1,098.66",53
4/1/2025,17,"1,222.76",55
4/1/2025,18,"1,397.30",54
4/1/2025,19,"1,536.77",53
4/1/2025,20,"1,623.84",51
4/1/2025,21,"1,620.22",48
4/1/2025,22,"1,548.61",47
4/1/2025,23,"1,430.25",45
4/1/2025,24,"1,325.39",42
4/2/2025,01,"1,263.68",41
4/2/2025,02,"1,233.79",38
4/2/2025,03,"1,226.40",37
4/2/2025,04,"1,240.02",34
4/2/2025,05,"1,291.93",33
4/2/2025,06,"1,407.83",32
4/2/2025,07,"1,583.99",31
4/2/2025,08,"1,639.73",31
4/2/2025,09,"1,524.93",34
4/2/2025,10,"1,361.35",36
4/2/2025,11,"1,238.89",38
4/2/2025,12,"1,172.54",39
4/2/2025,13,"1,120.02",41
4/2/2025,14,"1,110.52",43
4/2/2025,15,"1,117.16",45
4/2/2025,16,"1,185.55",46
4/2/2025,17,"1,370.27",44
4/2/2025,18,"1,547.25",42
4/2/2025,19,"1,688.31",40
4/2/2025,20,"1,747.23",39
4/2/2025,21,"1,715.55",39
4/2/2025,22,"1,622.63",39
4/2/2025,23,"1,488.80",39
4/2/2025,24,"1,370.16",40
4/3/2025,01,"1,299.14",38
4/3/2025,02,"1,258.27",39
4/3/2025,03,"1,236.27",38
4/3/2025,04,"1,237.47",40
4/3/2025,05,"1,270.85",40
4/3/2025,06,"1,371.63",41
4/3/2025,07,"1,534.79",41
4/3/2025,08,"1,642.50",42
4/3/2025,09,"1,671.14",44
4/3/2025,10,"1,694.17",45
4/3/2025,11,"1,703.05",47
4/3/2025,12,"1,670.01",51
4/3/2025,13,"1,606.49",53
4/3/2025,14,"1,594.38",57
4/3/2025,15,"1,590.31",57
4/3/2025,16,"1,568.85",58
4/3/2025,17,"1,580.76",61
4/3/2025,18,"1,620.18",62
4/3/2025,19,"1,653.37",61
4/3/2025,20,"1,670.47",60
4/3/2025,21,"1,624.95",60
4/3/2025,22,"1,524.35",57
4/3/2025,23,"1,391.69",55
4/3/2025,24,"1,262.39",56
4/4/2025,01,"1,184.99",57
4/4/2025,02,"1,136.53",57
4/4/2025,03,"1,107.69",56
4/4/2025,04,"1,102.21",54
4/4/2025,05,"1,127.84",54
4/4/2025,06,"1,209.09",53
4/4/2025,07,"1,362.29",56
4/4/2025,08,"1,475.20",60
4/4/2025,09,"1,504.40",61
4/4/2025,10,"1,483.71",61
4/4/2025,11,"1,403.16",62
4/4/2025,12,"1,279.01",64
4/4/2025,13,"1,177.15",65
4/4/2025,14,"1,088.38",67
4/4/2025,15,"1,093.70",69
4/4/2025,16,"1,175.96",69
4/4/2025,17,"1,262.53",68
4/4/2025,18,"1,354.12",68
4/4/2025,19,"1,448.19",66
4/4/2025,20,"1,518.20",64
4/4/2025,21,"1,497.88",62
4/4/2025,22,"1,430.28",61
4/4/2025,23,"1,327.02",54
4/4/2025,24,"1,230.07",51
4/5/2025,01,"1,158.81",48
4/5/2025,02,"1,114.49",44
4/5/2025,03,"1,096.20",44
4/5/2025,04,"1,093.67",43
4/5/2025,05,"1,108.86",41
4/5/2025,06,"1,149.90",44
4/5/2025,07,"1,226.60",44
4/5/2025,08,"1,311.13",45
4/5/2025,09,"1,389.25",46
4/5/2025,10,"1,434.11",46
4/5/2025,11,"1,410.37",46
4/5/2025,12,"1,451.00",46
4/5/2025,13,"1,447.22",46
4/5/2025,14,"1,483.42",46
4/5/2025,15,"1,533.51",45
4/5/2025,16,"1,557.93",43
4/5/2025,17,"1,589.50",42
4/5/2025,18,"1,641.02",42
4/5/2025,19,"1,652.66",41
4/5/2025,20,"1,659.23",41
4/5/2025,21,"1,610.54",40
4/5/2025,22,"1,536.29",40
4/5/2025,23,"1,445.11",40
4/5/2025,24,"1,339.60",40
4/6/2025,01,"1,261.12",40
4/6/2025,02,"1,203.24",40
4/6/2025,03,"1,166.54",40
4/6/2025,04,"1,151.47",40
4/6/2025,05,"1,155.50",40
4/6/2025,06,"1,182.56",41
4/6/2025,07,"1,245.74",42
4/6/2025,08,"1,322.21",42
4/6/2025,09,"1,404.52",42
4/6/2025,10,"1,499.89",43
4/6/2025,11,"1,519.53",44
4/6/2025,12,"1,499.34",45
4/6/2025,13,"1,558.05",50
4/6/2025,14,"1,509.23",50
4/6/2025,15,"1,491.89",51
4/6/2025,16,"1,467.16",52
4/6/2025,17,"1,478.28",54
4/6/2025,18,"1,493.47",54
4/6/2025,19,"1,563.43",54
4/6/2025,20,"1,626.48",54
4/6/2025,21,"1,587.21",52
4/6/2025,22,"1,488.38",52
4/6/2025,23,"1,364.10",51
4/6/2025,24,"1,252.91",50
4/7/2025,01,"1,176.75",49
4/7/2025,02,"1,133.48",49
4/7/2025,03,"1,115.52",48
4/7/2025,04,"1,121.16",48
4/7/2025,05,"1,162.46",47
4/7/2025,06,"1,273.79",45
4/7/2025,07,"1,450.50",43
4/7/2025,08,"1,579.05",41
4/7/2025,09,"1,635.64",40
4/7/2025,10,"1,690.96",40
4/7/2025,11,"1,705.29",39
4/7/2025,12,"1,717.05",40
4/7/2025,13,"1,744.53",40
4/7/2025,14,"1,721.37",39
4/7/2025,15,"1,699.59",40
4/7/2025,16,"1,718.85",40
4/7/2025,17,"1,746.58",40
4/7/2025,18,"1,802.02",39
4/7/2025,19,"1,819.27",39
4/7/2025,20,"1,804.94",39
4/7/2025,21,"1,740.61",39
4/7/2025,22,"1,648.09",39
4/7/2025,23,"1,514.86",38
4/7/2025,24,"1,394.26",38
4/8/2025,01,"1,318.37",38
4/8/2025,02,"1,269.24",38
4/8/2025,03,"1,245.87",38
4/8/2025,04,"1,243.04",38
4/8/2025,05,"1,282.39",38
4/8/2025,06,"1,384.32",38
4/8/2025,07,"1,550.73",38
4/8/2025,08,"1,657.33",38
4/8/2025,09,"1,662.61",38
4/8/2025,10,"1,596.78",39
4/8/2025,11,"1,594.95",41
4/8/2025,12,"1,563.69",42
4/8/2025,13,"1,484.43",41
4/8/2025,14,"1,428.96",42
4/8/2025,15,"1,370.12",43
4/8/2025,16,"1,370.48",43
4/8/2025,17,"1,431.00",41
4/8/2025,18,"1,571.39",41
4/8/2025,19,"1,706.34",39
4/8/2025,20,"1,808.51",36
4/8/2025,21,"1,803.24",35
4/8/2025,22,"1,735.43",33
4/8/2025,23,"1,612.71",32
4/8/2025,24,"1,501.88",31
4/9/2025,01,"1,427.01",30
4/9/2025,02,"1,384.81",31
4/9/2025,03,"1,368.69",29
4/9/2025,04,"1,372.94",29
4/9/2025,05,"1,417.13",29
4/9/2025,06,"1,532.32",29
4/9/2025,07,"1,664.88",29
4/9/2025,08,"1,694.90",29
4/9/2025,09,"1,579.20",31
4/9/2025,10,"1,423.31",34
4/9/2025,11,"1,298.89",35
4/9/2025,12,"1,215.53",38
4/9/2025,13,"1,156.09",40
4/9/2025,14,"1,118.69",43
4/9/2025,15,"1,116.08",45
4/9/2025,16,"1,172.23",46
4/9/2025,17,"1,292.42",46
4/9/2025,18,"1,463.89",47
4/9/2025,19,"1,614.59",45
4/9/2025,20,"1,720.80",44
4/9/2025,21,"1,722.09",41
4/9/2025,22,"1,646.02",36
4/9/2025,23,"1,515.04",38
4/9/2025,24,"1,402.37",37
4/10/2025,01,"1,338.37",36
4/10/2025,02,"1,307.03",35
4/10/2025,03,"1,292.38",35
4/10/2025,04,"1,306.78",33
4/10/2025,05,"1,356.66",29
4/10/2025,06,"1,476.31",31
4/10/2025,07,"1,639.33",28
4/10/2025,08,"1,649.27",31
4/10/2025,09,"1,508.76",36
4/10/2025,10,"1,345.68",41
4/10/2025,11,"1,215.02",42
4/10/2025,12,"1,122.22",44
4/10/2025,13,"1,083.37",46
4/10/2025,14,"1,085.87",47
4/10/2025,15,"1,117.92",45
4/10/2025,16,"1,131.65",45
4/10/2025,17,"1,251.73",48
4/10/2025,18,"1,433.00",48
4/10/2025,19,"1,562.02",45
4/10/2025,20,"1,667.00",44
4/10/2025,21,"1,660.11",45
4/10/2025,22,"1,577.37",43
4/10/2025,23,"1,448.28",41
4/10/2025,24,"1,332.85",40
4/11/2025,01,"1,257.96",39
4/11/2025,02,"1,222.09",37
4/11/2025,03,"1,208.51",37
4/11/2025,04,"1,211.04",34
4/11/2025,05,"1,256.56",35
4/11/2025,06,"1,365.02",35
4/11/2025,07,"1,532.15",35
4/11/2025,08,"1,628.28",35
4/11/2025,09,"1,617.78",37
4/11/2025,10,"1,612.20",38
4/11/2025,11,"1,541.76",39
4/11/2025,12,"1,463.98",42
4/11/2025,13,"1,422.99",44
4/11/2025,14,"1,431.13",7
4/11/2025,15,"1,331.60",45
4/11/2025,16,"1,374.52",49
4/11/2025,17,"1,465.96",48
4/11/2025,18,"1,597.41",48
4/11/2025,19,"1,646.13",46
4/11/2025,20,"1,684.07",45
4/11/2025,21,"1,655.39",43
4/11/2025,22,"1,576.72",41
4/11/2025,23,"1,466.94",39
4/11/2025,24,"1,361.80",39
4/12/2025,01,"1,286.57",37
4/12/2025,02,"1,248.81",38
4/12/2025,03,"1,223.85",35
4/12/2025,04,"1,220.87",36
4/12/2025,05,"1,240.75",35
4/12/2025,06,"1,287.63",35
4/12/2025,07,"1,371.51",37
4/12/2025,08,"1,463.31",37
4/12/2025,09,"1,543.04",37
4/12/2025,10,"1,605.04",37
4/12/2025,11,"1,631.68",38
4/12/2025,12,"1,653.45",39
4/12/2025,13,"1,644.88",39
4/12/2025,14,"1,626.06",39
4/12/2025,15,"1,632.77",39
4/12/2025,16,"1,641.12",39
4/12/2025,17,"1,664.84",39
4/12/2025,18,"1,698.35",39
4/12/2025,19,"1,720.63",38
4/12/2025,20,"1,733.82",38
4/12/2025,21,"1,698.17",38
4/12/2025,22,"1,614.06",38
4/12/2025,23,"1,516.06",38
4/12/2025,24,"1,407.85",38
4/13/2025,01,"1,335.05",38
4/13/2025,02,"1,284.93",38
4/13/2025,03,"1,251.16",38
4/13/2025,04,"1,240.14",38
4/13/2025,05,"1,248.11",38
4/13/2025,06,"1,278.53",38
4/13/2025,07,"1,339.93",38
4/13/2025,08,"1,416.53",38
4/13/2025,09,"1,513.46",38
4/13/2025,10,"1,605.54",38
4/13/2025,11,"1,654.70",39
4/13/2025,12,"1,664.82",39
4/13/2025,13,"1,668.84",40
4/13/2025,14,"1,670.07",42
4/13/2025,15,"1,665.02",44
4/13/2025,16,"1,665.22",45
4/13/2025,17,"1,694.15",46
4/13/2025,18,"1,745.29",47
4/13/2025,19,"1,750.02",48
4/13/2025,20,"1,753.43",48
4/13/2025,21,"1,712.70",43
4/13/2025,22,"1,605.47",43
4/13/2025,23,"1,467.60",41
4/13/2025,24,"1,347.99",41
4/14/2025,01,"1,281.37",41
4/14/2025,02,"1,247.42",43
4/14/2025,03,"1,240.10",44
4/14/2025,04,"1,250.53",42
4/14/2025,05,"1,293.69",46
4/14/2025,06,"1,401.78",46
4/14/2025,07,"1,559.63",46
4/14/2025,08,"1,566.62",45
4/14/2025,09,"1,453.26",50
4/14/2025,10,"1,415.58",53
4/14/2025,11,"1,300.46",56
4/14/2025,12,"1,227.38",59
4/14/2025,13,"1,176.27",62
4/14/2025,14,"1,169.94",65
4/14/2025,15,"1,155.95",65
4/14/2025,16,"1,289.85",66
4/14/2025,17,"1,308.03",69
4/14/2025,18,"1,379.91",69
4/14/2025,19,"1,508.66",68
4/14/2025,20,"1,598.28",63
4/14/2025,21,"1,592.04",59
4/14/2025,22,"1,493.68",57
4/14/2025,23,"1,358.55",55
4/14/2025,24,"1,276.67",55
4/15/2025,01,"1,151.04",54
4/15/2025,02,"1,110.95",53
4/15/2025,03,"1,096.63",50
4/15/2025,04,"1,086.45",50
4/15/2025,05,"1,121.37",48
4/15/2025,06,"1,218.17",47
4/15/2025,07,"1,393.80",46
4/15/2025,08,"1,493.62",46
4/15/2025,09,"1,501.66",47
4/15/2025,10,"1,466.45",48
4/15/2025,11,"1,420.81",49
4/15/2025,12,"1,393.19",50
4/15/2025,13,"1,368.28",53
4/15/2025,14,"1,460.95",52
4/15/2025,15,"1,389.85",54
4/15/2025,16,"1,312.29",55
4/15/2025,17,"1,301.20",59
4/15/2025,18,"1,479.77",64
4/15/2025,19,"1,605.83",62
4/15/2025,20,"1,649.96",51
4/15/2025,21,"1,607.61",50
4/15/2025,22,"1,502.00",48
4/15/2025,23,"1,371.96",48
4/15/2025,24,"1,254.18",47
4/16/2025,01,"1,186.86",47
4/16/2025,02,"1,149.90",45
4/16/2025,03,"1,134.43",46
4/16/2025,04,"1,143.95",45
4/16/2025,05,"1,182.46",44
4/16/2025,06,"1,296.37",43
4/16/2025,07,"1,443.98",43
4/16/2025,08,"1,474.23",44
4/16/2025,09,"1,426.87",44
4/16/2025,10,"1,469.92",45
4/16/2025,11,"1,366.74",45
4/16/2025,12,"1,318.03",46
4/16/2025,13,"1,246.84",47
4/16/2025,14,"1,256.94",48
4/16/2025,15,"1,230.24",49
4/16/2025,16,"1,220.37",50
4/16/2025,17,"1,282.68",50
4/16/2025,18,"1,462.53",50
4/16/2025,19,"1,582.22",50
4/16/2025,20,"1,674.40",48
4/16/2025,21,"1,670.59",45
4/16/2025,22,"1,582.51",44
4/16/2025,23,"1,449.95",42
4/16/2025,24,"1,332.62",41
4/17/2025,01,"1,259.78",41
4/17/2025,02,"1,218.77",41
4/17/2025,03,"1,201.62",40
4/17/2025,04,"1,206.19",40
4/17/2025,05,"1,249.84",40
4/17/2025,06,"1,361.33",39
4/17/2025,07,"1,507.17",39
4/17/2025,08,"1,508.75",41
4/17/2025,09,"1,386.14",44
4/17/2025,10,"1,244.52",47
4/17/2025,11,"1,126.39",50
4/17/2025,12,"1,059.81",53
4/17/2025,13,"1,016.31",53
4/17/2025,14,"1,013.87",56
4/17/2025,15,"1,015.56",56
4/17/2025,16,"1,056.57",59
4/17/2025,17,"1,175.21",60
4/17/2025,18,"1,329.34",60
4/17/2025,19,"1,468.57",59
4/17/2025,20,"1,561.07",57
4/17/2025,21,"1,566.79",55
4/17/2025,22,"1,490.44",53
4/17/2025,23,"1,375.77",51
4/17/2025,24,"1,265.89",49
4/18/2025,01,"1,199.87",46
4/18/2025,02,"1,163.20",47
4/18/2025,03,"1,149.35",42
4/18/2025,04,"1,160.63",43
4/18/2025,05,"1,207.28",40
4/18/2025,06,"1,303.92",39
4/18/2025,07,"1,428.92",38
4/18/2025,08,"1,339.67",39
4/18/2025,09,"1,317.05",44
4/18/2025,10,"1,202.09",50
4/18/2025,11,"1,090.56",55
4/18/2025,12,"1,027.53",56
4/18/2025,13,"1,008.78",57
4/18/2025,14,972.39,63
4/18/2025,15,996.89,64
4/18/2025,16,"1,195.40",64
4/18/2025,17,"1,205.70",63
4/18/2025,18,"1,357.17",62
4/18/2025,19,"1,485.05",58
4/18/2025,20,"1,525.90",56
4/18/2025,21,"1,517.30",54
4/18/2025,22,"1,438.48",53
4/18/2025,23,"1,334.82",54
4/18/2025,24,"1,090.12",54
4/19/2025,01,"1,141.09",55
4/19/2025,02,"1,091.97",54
4/19/2025,03,"1,060.36",57
4/19/2025,04,"1,052.26",55
4/19/2025,05,"1,061.13",53
4/19/2025,06,"1,098.66",53
4/19/2025,07,"1,151.14",54
4/19/2025,08,"1,144.84",55
4/19/2025,09,"1,188.58",58
4/19/2025,10,"1,114.08",62
4/19/2025,11,"1,088.42",64
4/19/2025,12,"1,064.36",70
4/19/2025,13,"1,073.06",72
4/19/2025,14,"1,136.86",75
4/19/2025,15,"1,071.21",73
4/19/2025,16,"1,141.59",75
4/19/2025,17,"1,210.83",79
4/19/2025,18,"1,337.74",72
4/19/2025,19,"1,435.37",69
4/19/2025,20,"1,497.85",73
4/19/2025,21,"1,499.73",72
4/19/2025,22,"1,429.17",70
4/19/2025,23,"1,330.76",71
4/19/2025,24,"1,231.87",72
4/20/2025,01,"1,154.07",72
4/20/2025,02,"1,095.98",69
4/20/2025,03,"1,055.43",70
4/20/2025,04,"1,029.08",70
4/20/2025,05,"1,026.85",67
4/20/2025,06,"1,037.98",65
4/20/2025,07,"1,059.18",61
4/20/2025,08,"1,081.05",58
4/20/2025,09,"1,049.79",56
4/20/2025,10,967.94,57
4/20/2025,11,928.89,58
4/20/2025,12,891.38,59
4/20/2025,13,853.59,61
4/20/2025,14,818.09,62
4/20/2025,15,824.97,64
4/20/2025,16,905.16,65
4/20/2025,17,"1,050.74",64
4/20/2025,18,"1,175.14",64
4/20/2025,19,"1,274.41",62
4/20/2025,20,"1,366.18",60
4/20/2025,21,"1,392.11",58
4/20/2025,22,"1,323.90",56
4/20/2025,23,"1,230.91",54
4/20/2025,24,"1,145.01",53
4/21/2025,01,"1,171.44",50
4/21/2025,02,"1,139.39",49
4/21/2025,03,"1,129.03",47
4/21/2025,04,"1,136.34",45
4/21/2025,05,"1,179.61",44
4/21/2025,06,"1,265.85",43
4/21/2025,07,"1,355.06",41
4/21/2025,08,"1,374.16",43
4/21/2025,09,"1,319.44",46
4/21/2025,10,"1,232.04",50
4/21/2025,11,"1,175.10",52
4/21/2025,12,"1,114.23",54
4/21/2025,13,"1,065.96",54
4/21/2025,14,"1,076.39",53
4/21/2025,15,"1,146.26",51
4/21/2025,16,"1,323.83",51
4/21/2025,17,"1,420.54",51
4/21/2025,18,"1,535.81",50
4/21/2025,19,"1,631.26",48
4/21/2025,20,"1,659.70",48
4/21/2025,21,"1,627.20",47
4/21/2025,22,"1,528.69",46
4/21/2025,23,"1,403.34",47
4/21/2025,24,"1,312.62",47
4/22/2025,01,"1,140.32",48
4/22/2025,02,"1,091.60",49
4/22/2025,03,"1,065.93",49
4/22/2025,04,"1,063.86",49
4/22/2025,05,"1,097.10",47
4/22/2025,06,"1,184.98",48
4/22/2025,07,"1,305.53",48
4/22/2025,08,"1,407.28",51
4/22/2025,09,"1,435.24",56
4/22/2025,10,"1,411.95",59
4/22/2025,11,"1,370.76",60
4/22/2025,12,"1,289.73",62
4/22/2025,13,"1,171.36",67
4/22/2025,14,"1,095.63",67
4/22/2025,15,"1,100.18",66
4/22/2025,16,"1,160.25",65
4/22/2025,17,"1,262.84",67
4/22/2025,18,"1,405.68",70
4/22/2025,19,"1,506.18",72
4/22/2025,20,"1,562.26",70
4/22/2025,21,"1,548.89",67
4/22/2025,22,"1,447.20",66
4/22/2025,23,"1,320.38",64
4/22/2025,24,"1,204.46",63
4/23/2025,01,"1,124.20",64
4/23/2025,02,"1,075.51",62
4/23/2025,03,"1,064.34",60
4/23/2025,04,"1,048.66",57
4/23/2025,05,"1,080.19",56
4/23/2025,06,"1,169.68",54
4/23/2025,07,"1,266.69",53
4/23/2025,08,"1,305.32",54
4/23/2025,09,"1,235.20",55
4/23/2025,10,"1,129.08",57
4/23/2025,11,"1,048.18",59
4/23/2025,12,"1,015.21",62
4/23/2025,13,994.98,64
4/23/2025,14,999.41,67
4/23/2025,15,"1,059.28",66
4/23/2025,16,"1,093.72",67
4/23/2025,17,"1,204.52",65
4/23/2025,18,"1,352.95",64
4/23/2025,19,"1,460.71",61
4/23/2025,20,"1,524.19",62
4/23/2025,21,"1,530.33",68
4/23/2025,22,"1,431.42",66
4/23/2025,23,"1,307.18",64
4/23/2025,24,"1,193.48",61
4/24/2025,01,"1,118.51",55
4/24/2025,02,"1,084.84",56
4/24/2025,03,"1,052.28",50
4/24/2025,04,"1,050.32",50
4/24/2025,05,"1,079.10",52
4/24/2025,06,"1,165.47",50
4/24/2025,07,"1,273.46",48
4/24/2025,08,"1,291.77",49
4/24/2025,09,"1,228.99",52
4/24/2025,10,"1,141.01",55
4/24/2025,11,"1,129.76",58
4/24/2025,12,"1,058.77",62
4/24/2025,13,"1,024.43",64
4/24/2025,14,"1,008.17",66
4/24/2025,15,"1,031.95",66
4/24/2025,16,"1,101.33",64
4/24/2025,17,"1,220.55",64
4/24/2025,18,"1,368.20",61
4/24/2025,19,"1,465.24",57
4/24/2025,20,"1,527.60",57
4/24/2025,21,"1,529.92",55
4/24/2025,22,"1,440.03",54
4/24/2025,23,"1,311.97",53
4/24/2025,24,"1,199.24",53
4/25/2025,01,"1,107.23",52
4/25/2025,02,"1,059.99",51
4/25/2025,03,"1,034.47",51
4/25/2025,04,"1,027.39",52
4/25/2025,05,"1,052.19",59
4/25/2025,06,"1,124.66",62
4/25/2025,07,"1,224.25",62
4/25/2025,08,"1,297.78",61
4/25/2025,09,"1,323.10",63
4/25/2025,10,"1,278.71",67
4/25/2025,11,"1,228.32",71
4/25/2025,12,"1,144.00",74
4/25/2025,13,"1,111.91",77
4/25/2025,14,"1,119.01",78
4/25/2025,15,"1,197.48",77
4/25/2025,16,"1,222.25",75
4/25/2025,17,"1,319.69",75
4/25/2025,18,"1,424.14",72
4/25/2025,19,"1,459.60",70
4/25/2025,20,"1,499.10",68
4/25/2025,21,"1,493.81",60
4/25/2025,22,"1,412.70",59
4/25/2025,23,"1,302.28",60
4/25/2025,24,"1,203.91",57
4/26/2025,01,"1,119.61",56
4/26/2025,02,"1,063.91",57
4/26/2025,03,"1,030.48",55
4/26/2025,04,"1,023.97",56
4/26/2025,05,"1,031.49",56
4/26/2025,06,"1,060.27",56
4/26/2025,07,"1,187.67",57
4/26/2025,08,"1,189.62",58
4/26/2025,09,"1,284.34",60
4/26/2025,10,"1,345.93",60
4/26/2025,11,"1,415.85",60
4/26/2025,12,"1,485.29",60
4/26/2025,13,"1,477.82",59
4/26/2025,14,"1,467.44",59
4/26/2025,15,"1,429.89",59
4/26/2025,16,"1,412.65",59
4/26/2025,17,"1,440.63",59
4/26/2025,18,"1,475.54",59
4/26/2025,19,"1,484.74",59
4/26/2025,20,"1,484.17",59
4/26/2025,21,"1,455.49",59
4/26/2025,22,"1,382.27",59
4/26/2025,23,"1,292.10",59
4/26/2025,24,"1,180.78",58
4/27/2025,01,"1,109.79",54
4/27/2025,02,"1,057.15",52
4/27/2025,03,"1,026.99",50
4/27/2025,04,"1,012.44",49
4/27/2025,05,"1,023.93",48
4/27/2025,06,"1,052.18",48
4/27/2025,07,"1,081.99",47
4/27/2025,08,"1,069.50",47
4/27/2025,09,"1,042.34",49
4/27/2025,10,"1,095.92",50
4/27/2025,11,"1,095.20",52
4/27/2025,12,"1,153.81",53
4/27/2025,13,"1,138.47",56
4/27/2025,14,"1,113.23",59
4/27/2025,15,"1,114.56",56
4/27/2025,16,"1,168.48",57
4/27/2025,17,"1,236.22",56
4/27/2025,18,"1,374.76",57
4/27/2025,19,"1,460.64",52
4/27/2025,20,"1,525.17",51
4/27/2025,21,"1,519.34",51
4/27/2025,22,"1,420.24",50
4/27/2025,23,"1,301.44",52
4/27/2025,24,"1,185.51",52
4/28/2025,01,"1,111.91",52
4/28/2025,02,"1,068.91",51
4/28/2025,03,"1,050.84",49
4/28/2025,04,"1,055.85",48
4/28/2025,05,"1,103.98",46
4/28/2025,06,"1,205.11",46
4/28/2025,07,"1,326.41",52
4/28/2025,08,"1,331.11",54
4/28/2025,09,"1,237.72",58
4/28/2025,10,"1,130.66",62
4/28/2025,11,"1,048.33",66
4/28/2025,12,"1,002.84",69
4/28/2025,13,982.31,71
4/28/2025,14,986.11,72
4/28/2025,15,"1,017.42",73
4/28/2025,16,"1,098.56",74
4/28/2025,17,"1,225.60",73
4/28/2025,18,"1,379.81",74
4/28/2025,19,"1,500.18",68
4/28/2025,20,"1,555.37",69
4/28/2025,21,"1,555.26",65
4/28/2025,22,"1,448.62",59
4/28/2025,23,"1,306.37",58
4/28/2025,24,"1,182.42",57
4/29/2025,01,"1,106.68",58
4/29/2025,02,"1,056.76",57
4/29/2025,03,"1,013.44",56
4/29/2025,04,"1,057.22",55
4/29/2025,05,"1,068.95",55
4/29/2025,06,"1,170.04",51
4/29/2025,07,"1,277.67",51
4/29/2025,08,"1,292.27",55
4/29/2025,09,"1,169.54",62
4/29/2025,10,"1,124.66",66
4/29/2025,11,"1,045.62",69
4/29/2025,12,"1,012.00",72
4/29/2025,13,994.33,73
4/29/2025,14,"1,008.64",74
4/29/2025,15,"1,036.43",74
4/29/2025,16,"1,133.88",73
4/29/2025,17,"1,243.11",73
4/29/2025,18,"1,411.52",70
4/29/2025,19,"1,499.00",68
4/29/2025,20,"1,563.54",64
4/29/2025,21,"1,560.17",60
4/29/2025,22,"1,460.16",59
4/29/2025,23,"1,327.52",60
4/29/2025,24,"1,204.00",62
4/30/2025,01,"1,125.00",62
4/30/2025,02,"1,077.75",62
4/30/2025,03,"1,054.21",62
4/30/2025,04,"1,049.45",61
4/30/2025,05,"1,078.49",61
4/30/2025,06,"1,162.96",62
4/30/2025,07,"1,275.03",62
4/30/2025,08,"1,374.67",63
4/30/2025,09,"1,423.33",64
4/30/2025,10,"1,370.30",64
4/30/2025,11,"1,237.59",61
4/30/2025,12,"1,023.92",64
4/30/2025,13,996.32,68
4/30/2025,14,"1,014.50",70
4/30/2025,15,"1,041.81",70
4/30/2025,16,"1,125.27",72
4/30/2025,17,"1,255.94",72
4/30/2025,18,"1,401.58",72
4/30/2025,19,"1,516.25",72
4/30/2025,20,"1,561.84",71
4/30/2025,21,"1,569.19",67
4/30/2025,22,"1,464.63",63
4/30/2025,23,"1,321.46",62
4/30/2025,24,"1,191.81",60
5/1/2025,01,"1,108.74",56
5/1/2025,02,"1,064.03",55
5/1/2025,03,"1,043.29",50
5/1/2025,04,"1,040.56",48
5/1/2025,05,"1,076.42",45
5/1/2025,06,"1,167.75",45
5/1/2025,07,"1,282.99",47
5/1/2025,08,"1,299.30",48
5/1/2025,09,"1,216.16",52
5/1/2025,10,"1,109.03",55
5/1/2025,11,"1,035.10",56
5/1/2025,12,992.20,58
5/1/2025,13,974.22,59
5/1/2025,14,986.74,61
5/1/2025,15,"1,010.47",61
5/1/2025,16,"1,080.14",60
5/1/2025,17,"1,209.83",59
5/1/2025,18,"1,358.90",58
5/1/2025,19,"1,448.45",57
5/1/2025,20,"1,516.83",54
5/1/2025,21,"1,533.66",52
5/1/2025,22,"1,438.26",51
5/1/2025,23,"1,308.60",50
5/1/2025,24,"1,189.69",50
5/2/2025,01,"1,111.89",50
5/2/2025,02,"1,064.73",50
5/2/2025,03,"1,038.51",51
5/2/2025,04,"1,033.19",52
5/2/2025,05,"1,059.27",53
5/2/2025,06,"1,143.83",52
5/2/2025,07,"1,282.38",52
5/2/2025,08,"1,360.47",53
5/2/2025,09,"1,348.46",54
5/2/2025,10,"1,318.45",56
5/2/2025,11,"1,236.23",58
5/2/2025,12,"1,180.10",61
5/2/2025,13,"1,207.82",65
5/2/2025,14,"1,134.71",68
5/2/2025,15,"1,109.17",67
5/2/2025,16,"1,230.26",67
5/2/2025,17,"1,308.27",68
5/2/2025,18,"1,423.07",69
5/2/2025,19,"1,523.32",72
5/2/2025,20,"1,548.54",69
5/2/2025,21,"1,556.80",64
5/2/2025,22,"1,481.01",58
5/2/2025,23,"1,359.47",56
5/2/2025,24,"1,242.52",56
5/3/2025,01,"1,151.94",57
5/3/2025,02,"1,090.00",56
5/3/2025,03,"1,052.64",55
5/3/2025,04,"1,035.27",54
5/3/2025,05,"1,036.20",54
5/3/2025,06,"1,061.03",54
5/3/2025,07,"1,098.44",54
5/3/2025,08,"1,114.89",55
5/3/2025,09,"1,100.00",59
5/3/2025,10,"1,073.61",61
5/3/2025,11,"1,051.35",63
5/3/2025,12,"1,053.16",67
5/3/2025,13,"1,091.31",64
5/3/2025,14,"1,133.42",79
5/3/2025,15,"1,196.19",73
5/3/2025,16,"1,259.31",76
5/3/2025,17,"1,370.53",77
5/3/2025,18,"1,512.15",75
5/3/2025,19,"1,554.87",72
5/3/2025,20,"1,561.38",71
5/3/2025,21,"1,561.25",65
5/3/2025,22,"1,487.44",64
5/3/2025,23,"1,378.41",60
5/3/2025,24,"1,260.52",60
5/4/2025,01,"1,171.96",60
5/4/2025,02,"1,113.41",60
5/4/2025,03,"1,072.64",61
5/4/2025,04,"1,049.96",62
5/4/2025,05,"1,047.55",58
5/4/2025,06,"1,054.73",57
5/4/2025,07,"1,061.40",58
5/4/2025,08,"1,074.68",59
5/4/2025,09,"1,087.39",65
5/4/2025,10,"1,103.74",67
5/4/2025,11,"1,135.18",70
5/4/2025,12,"1,149.37",73
5/4/2025,13,"1,144.05",74
5/4/2025,14,"1,205.49",75
5/4/2025,15,"1,281.82",75
5/4/2025,16,"1,304.69",76
5/4/2025,17,"1,424.05",71
5/4/2025,18,"1,530.85",66
5/4/2025,19,"1,580.35",63
5/4/2025,20,"1,594.38",61
5/4/2025,21,"1,569.25",61
5/4/2025,22,"1,463.60",60
5/4/2025,23,"1,328.77",59
5/4/2025,24,"1,210.29",60
5/5/2025,01,"1,128.80",60
5/5/2025,02,"1,075.96",59
5/5/2025,03,"1,047.75",60
5/5/2025,04,"1,041.42",57
5/5/2025,05,"1,071.79",57
5/5/2025,06,"1,151.19",57
5/5/2025,07,"1,282.31",57
5/5/2025,08,"1,376.97",56
5/5/2025,09,"1,386.22",56
5/5/2025,10,"1,401.53",58
5/5/2025,11,"1,416.11",59
5/5/2025,12,"1,414.41",57
5/5/2025,13,"1,400.45",56
5/5/2025,14,"1,420.04",56
5/5/2025,15,"1,415.83",58
5/5/2025,16,"1,453.08",57
5/5/2025,17,"1,498.72",56
5/5/2025,18,"1,559.36",55
5/5/2025,19,"1,590.27",54
5/5/2025,20,"1,592.63",53
5/5/2025,21,"1,562.50",53
5/5/2025,22,"1,461.35",53
5/5/2025,23,"1,331.00",53
5/5/2025,24,"1,211.63",53
5/6/2025,01,"1,132.29",54
5/6/2025,02,"1,088.41",54
5/6/2025,03,"1,061.63",55
5/6/2025,04,"1,054.72",55
5/6/2025,05,"1,084.12",56
5/6/2025,06,"1,170.53",59
5/6/2025,07,"1,293.33",61
5/6/2025,08,"1,358.27",61
5/6/2025,09,"1,350.33",61
5/6/2025,10,"1,379.62",62
5/6/2025,11,"1,457.44",63
5/6/2025,12,"1,466.69",63
5/6/2025,13,"1,513.66",63
5/6/2025,14,"1,513.54",61
5/6/2025,15,"1,469.03",60
5/6/2025,16,"1,446.72",60
5/6/2025,17,"1,522.43",59
5/6/2025,18,"1,584.03",58
5/6/2025,19,"1,610.27",58
5/6/2025,20,"1,614.27",58
5/6/2025,21,"1,586.81",58
5/6/2025,22,"1,481.99",58
5/6/2025,23,"1,348.57",58
5/6/2025,24,"1,231.75",58
5/7/2025,01,"1,150.80",59
5/7/2025,02,"1,105.89",60
5/7/2025,03,"1,076.59",58
5/7/2025,04,"1,068.46",57
5/7/2025,05,"1,091.78",56
5/7/2025,06,"1,177.36",55
5/7/2025,07,"1,291.87",55
5/7/2025,08,"1,368.31",55
5/7/2025,09,"1,348.78",54
5/7/2025,10,"1,340.02",55
5/7/2025,11,"1,186.43",60
5/7/2025,12,"1,156.04",65
5/7/2025,13,"1,168.30",68
5/7/2025,14,"1,203.66",71
5/7/2025,15,"1,276.48",68
5/7/2025,16,"1,254.66",72
5/7/2025,17,"1,332.43",67
5/7/2025,18,"1,465.00",65
5/7/2025,19,"1,564.72",65
5/7/2025,20,"1,594.76",67
5/7/2025,21,"1,599.73",62
5/7/2025,22,"1,502.38",61
5/7/2025,23,"1,361.86",62
5/7/2025,24,"1,232.61",61
5/8/2025,01,"1,147.09",58
5/8/2025,02,"1,078.69",56
5/8/2025,03,"1,065.07",56
5/8/2025,04,"1,058.87",55
5/8/2025,05,"1,068.66",54
5/8/2025,06,"1,154.49",53
5/8/2025,07,"1,263.31",52
5/8/2025,08,"1,329.74",56
5/8/2025,09,"1,352.42",59
5/8/2025,10,"1,276.28",62
5/8/2025,11,"1,168.14",67
5/8/2025,12,"1,180.92",70
5/8/2025,13,"1,230.12",71
5/8/2025,14,"1,279.11",71
5/8/2025,15,"1,309.01",69
5/8/2025,16,"1,318.89",70
5/8/2025,17,"1,397.40",70
5/8/2025,18,"1,517.01",68
5/8/2025,19,"1,588.75",65
5/8/2025,20,"1,623.37",65
5/8/2025,21,"1,614.11",62
5/8/2025,22,"1,529.96",59
5/8/2025,23,"1,389.49",59
5/8/2025,24,"1,257.35",59
5/9/2025,01,"1,160.61",56
5/9/2025,02,"1,105.72",55
5/9/2025,03,"1,073.82",56
5/9/2025,04,"1,064.63",57
5/9/2025,05,"1,086.38",55
5/9/2025,06,"1,148.94",56
5/9/2025,07,"1,263.65",56
5/9/2025,08,"1,352.19",56
5/9/2025,09,"1,346.68",56
5/9/2025,10,"1,272.92",56
5/9/2025,11,"1,302.46",58
5/9/2025,12,"1,413.70",62
5/9/2025,13,"1,445.76",63
5/9/2025,14,"1,505.50",57
5/9/2025,15,"1,523.48",53
5/9/2025,16,"1,534.95",53
5/9/2025,17,"1,559.87",51
5/9/2025,18,"1,597.26",51
5/9/2025,19,"1,581.02",51
5/9/2025,20,"1,556.62",52
5/9/2025,21,"1,522.69",53
5/9/2025,22,"1,443.14",54
5/9/2025,23,"1,334.49",54
5/9/2025,24,"1,225.47",53
5/10/2025,01,"1,147.51",53
5/10/2025,02,"1,098.39",52
5/10/2025,03,"1,068.76",52
5/10/2025,04,"1,053.65",51
5/10/2025,05,"1,059.75",51
5/10/2025,06,"1,098.46",51
5/10/2025,07,"1,168.67",50
5/10/2025,08,"1,230.84",49
5/10/2025,09,"1,290.30",50
5/10/2025,10,"1,343.92",51
5/10/2025,11,"1,342.08",51
5/10/2025,12,"1,331.35",53
5/10/2025,13,"1,288.18",56
5/10/2025,14,"1,328.01",59
5/10/2025,15,"1,264.95",60
5/10/2025,16,"1,183.48",64
5/10/2025,17,"1,231.49",65
5/10/2025,18,"1,334.66",66
5/10/2025,19,"1,408.08",65
5/10/2025,20,"1,445.34",64
5/10/2025,21,"1,474.65",63
5/10/2025,22,"1,416.50",59
5/10/2025,23,"1,318.08",57
5/10/2025,24,"1,215.35",55
5/11/2025,01,"1,123.85",53
5/11/2025,02,"1,095.82",52
5/11/2025,03,"1,037.33",51
5/11/2025,04,"1,059.58",49
5/11/2025,05,"1,068.08",51
5/11/2025,06,"1,052.54",50
5/11/2025,07,"1,075.55",51
5/11/2025,08,"1,052.86",54
5/11/2025,09,"1,048.16",60
5/11/2025,10,"1,002.39",64
5/11/2025,11,936.72,68
5/11/2025,12,887.31,70
5/11/2025,13,848.31,71
5/11/2025,14,840.36,70
5/11/2025,15,864.35,70
5/11/2025,16,963.53,72
5/11/2025,17,"1,157.55",71
5/11/2025,18,"1,270.09",71
5/11/2025,19,"1,399.30",70
5/11/2025,20,"1,450.40",67
5/11/2025,21,"1,482.68",64
5/11/2025,22,"1,412.29",61
5/11/2025,23,"1,298.78",59
5/11/2025,24,"1,191.08",54
5/12/2025,01,"1,095.22",55
5/12/2025,02,"1,052.55",49
5/12/2025,03,"1,021.95",46
5/12/2025,04,"1,039.73",45
5/12/2025,05,"1,076.98",42
5/12/2025,06,"1,167.74",43
5/12/2025,07,"1,281.03",42
5/12/2025,08,"1,308.38",46
5/12/2025,09,"1,243.46",52
5/12/2025,10,"1,096.33",57
5/12/2025,11,"1,105.60",61
5/12/2025,12,"1,024.29",62
5/12/2025,13,"1,024.83",64
5/12/2025,14,"1,008.58",67
5/12/2025,15,"1,055.01",69
5/12/2025,16,"1,172.01",70
5/12/2025,17,"1,248.29",69
5/12/2025,18,"1,409.47",69
5/12/2025,19,"1,526.18",67
5/12/2025,20,"1,573.11",67
5/12/2025,21,"1,583.17",63
5/12/2025,22,"1,488.09",61
5/12/2025,23,"1,345.10",60
5/12/2025,24,"1,217.14",59
5/13/2025,01,"1,132.34",58
5/13/2025,02,"1,083.78",57
5/13/2025,03,"1,057.41",55
5/13/2025,04,"1,052.30",55
5/13/2025,05,"1,078.99",54
5/13/2025,06,"1,156.18",54
5/13/2025,07,"1,267.82",52
5/13/2025,08,"1,305.08",57
5/13/2025,09,"1,251.58",62
5/13/2025,10,"1,174.54",66
5/13/2025,11,"1,106.35",70
5/13/2025,12,"1,084.01",71
5/13/2025,13,"1,080.97",72
5/13/2025,14,"1,124.97",71
5/13/2025,15,"1,147.41",71
5/13/2025,16,"1,211.92",69
5/13/2025,17,"1,327.49",68
5/13/2025,18,"1,464.71",67
5/13/2025,19,"1,551.04",65
5/13/2025,20,"1,587.57",62
5/13/2025,21,"1,596.49",60
5/13/2025,22,"1,495.92",59
5/13/2025,23,"1,349.06",57
5/13/2025,24,"1,218.44",56
5/14/2025,01,"1,133.71",55
5/14/2025,02,"1,072.88",54
5/14/2025,03,"1,034.57",53
5/14/2025,04,"1,045.11",53
5/14/2025,05,"1,096.00",52
5/14/2025,06,"1,175.33",54
5/14/2025,07,"1,218.49",54
5/14/2025,08,"1,327.59",55
5/14/2025,09,"1,324.26",58
5/14/2025,10,"1,203.16",60
5/14/2025,11,"1,203.10",62
5/14/2025,12,"1,177.38",64
5/14/2025,13,"1,151.66",70
5/14/2025,14,"1,162.00",73
5/14/2025,15,"1,197.83",73
5/14/2025,16,"1,319.06",73
5/14/2025,17,"1,384.77",74
5/14/2025,18,"1,521.43",72
5/14/2025,19,"1,662.11",69
5/14/2025,20,"1,678.43",68
5/14/2025,21,"1,650.99",66
5/14/2025,22,"1,526.89",65
5/14/2025,23,"1,409.37",63
5/14/2025,24,"1,325.62",63
5/15/2025,01,"1,189.07",62
5/15/2025,02,"1,130.56",61
5/15/2025,03,"1,100.18",60
5/15/2025,04,"1,091.32",61
5/15/2025,05,"1,117.33",61
5/15/2025,06,"1,199.88",61
5/15/2025,07,"1,343.71",61
5/15/2025,08,"1,458.31",61
5/15/2025,09,"1,489.20",62
5/15/2025,10,"1,485.55",62
5/15/2025,11,"1,460.16",62
5/15/2025,12,"1,462.84",63
5/15/2025,13,"1,463.19",63
5/15/2025,14,"1,500.03",65
5/15/2025,15,"1,478.04",62
5/15/2025,16,"1,464.70",63
5/15/2025,17,"1,502.00",65
5/15/2025,18,"1,559.14",64
5/15/2025,19,"1,618.72",63
5/15/2025,20,"1,645.56",64
5/15/2025,21,"1,651.30",62
5/15/2025,22,"1,589.61",62
5/15/2025,23,"1,448.69",62
5/15/2025,24,"1,315.49",62
5/16/2025,01,"1,225.68",61
5/16/2025,02,"1,166.42",61
5/16/2025,03,"1,130.80",61
5/16/2025,04,"1,118.54",61
5/16/2025,05,"1,139.20",61
5/16/2025,06,"1,212.79",61
5/16/2025,07,"1,334.83",61
5/16/2025,08,"1,429.10",62
5/16/2025,09,"1,461.84",63
5/16/2025,10,"1,481.12",66
5/16/2025,11,"1,504.12",69
5/16/2025,12,"1,481.80",71
5/16/2025,13,"1,442.71",71
5/16/2025,14,"1,425.09",69
5/16/2025,15,"1,411.32",69
5/16/2025,16,"1,473.05",71
5/16/2025,17,"1,569.25",72
5/16/2025,18,"1,667.48",70
5/16/2025,19,"1,695.42",73
5/16/2025,20,"1,711.57",69
5/16/2025,21,"1,702.81",67
5/16/2025,22,"1,629.09",64
5/16/2025,23,"1,499.85",64
5/16/2025,24,"1,372.99",64
5/17/2025,01,"1,276.40",64
5/17/2025,02,"1,207.29",62
5/17/2025,03,"1,160.53",60
5/17/2025,04,"1,132.01",59
5/17/2025,05,"1,128.03",59
5/17/2025,06,"1,144.26",59
5/17/2025,07,"1,188.76",59
5/17/2025,08,"1,247.30",60
5/17/2025,09,"1,305.38",60
5/17/2025,10,"1,364.44",60
5/17/2025,11,"1,433.10",61
5/17/2025,12,"1,396.58",62
5/17/2025,13,"1,282.94",65
5/17/2025,14,"1,399.45",70
5/17/2025,15,"1,449.02",68
5/17/2025,16,"1,421.67",67
5/17/2025,17,"1,422.69",70
5/17/2025,18,"1,563.77",68
5/17/2025,19,"1,643.60",67
5/17/2025,20,"1,658.63",67
5/17/2025,21,"1,643.42",64
5/17/2025,22,"1,568.48",64
5/17/2025,23,"1,455.22",62
5/17/2025,24,"1,334.45",68
5/18/2025,01,"1,228.78",63
5/18/2025,02,"1,172.07",62
5/18/2025,03,"1,120.51",61
5/18/2025,04,"1,095.58",61
5/18/2025,05,"1,083.59",60
5/18/2025,06,"1,080.37",59
5/18/2025,07,"1,095.44",57
5/18/2025,08,"1,092.20",59
5/18/2025,09,"1,104.73",62
5/18/2025,10,"1,092.12",65
5/18/2025,11,"1,123.21",66
5/18/2025,12,"1,169.05",68
5/18/2025,13,"1,227.65",70
5/18/2025,14,"1,346.26",69
5/18/2025,15,"1,385.07",69
5/18/2025,16,"1,370.24",72
5/18/2025,17,"1,414.88",68
5/18/2025,18,"1,491.19",68
5/18/2025,19,"1,544.67",67
5/18/2025,20,"1,570.89",66
5/18/2025,21,"1,569.63",64
5/18/2025,22,"1,475.94",63
5/18/2025,23,"1,343.95",63
5/18/2025,24,"1,232.05",63
5/19/2025,01,"1,119.20",61
5/19/2025,02,"1,088.18",60
5/19/2025,03,"1,053.10",58
5/19/2025,04,"1,055.22",57
5/19/2025,05,"1,093.96",55
5/19/2025,06,"1,139.33",54
5/19/2025,07,"1,251.47",53
5/19/2025,08,"1,291.17",54
5/19/2025,09,"1,231.56",56
5/19/2025,10,"1,089.72",56
5/19/2025,11,"1,086.86",58
5/19/2025,12,"1,084.79",61
5/19/2025,13,"1,127.38",64
5/19/2025,14,"1,237.47",65
5/19/2025,15,"1,352.22",65
5/19/2025,16,"1,401.81",63
5/19/2025,17,"1,434.23",63
5/19/2025,18,"1,505.37",62
5/19/2025,19,"1,554.68",61
5/19/2025,20,"1,575.76",59
5/19/2025,21,"1,556.81",55
5/19/2025,22,"1,463.21",53
5/19/2025,23,"1,339.94",52
5/19/2025,24,"1,230.66",51
5/20/2025,01,"1,124.10",50
5/20/2025,02,"1,082.88",50
5/20/2025,03,"1,061.53",49
5/20/2025,04,"1,059.55",50
5/20/2025,05,"1,089.67",50
5/20/2025,06,"1,170.93",49
5/20/2025,07,"1,294.35",49
5/20/2025,08,"1,355.21",50
5/20/2025,09,"1,336.20",50
5/20/2025,10,"1,302.42",52
5/20/2025,11,"1,289.94",56
5/20/2025,12,"1,359.16",57
5/20/2025,13,"1,359.81",59
5/20/2025,14,"1,417.06",58
5/20/2025,15,"1,429.39",59
5/20/2025,16,"1,443.96",60
5/20/2025,17,"1,487.42",58
5/20/2025,18,"1,553.15",57
5/20/2025,19,"1,596.48",55
5/20/2025,20,"1,608.09",53
5/20/2025,21,"1,589.00",52
5/20/2025,22,"1,490.37",51
5/20/2025,23,"1,349.71",50
5/20/2025,24,"1,225.55",50
5/21/2025,01,"1,147.68",50
5/21/2025,02,"1,107.28",49
5/21/2025,03,"1,085.04",48
5/21/2025,04,"1,081.17",49
5/21/2025,05,"1,112.82",49
5/21/2025,06,"1,199.76",48
5/21/2025,07,"1,334.79",48
5/21/2025,08,"1,413.24",48
5/21/2025,09,"1,439.07",49
5/21/2025,10,"1,479.36",51
5/21/2025,11,"1,506.81",51
5/21/2025,12,"1,525.21",50
5/21/2025,13,"1,509.46",50
5/21/2025,14,"1,477.60",49
5/21/2025,15,"1,476.31",49
5/21/2025,16,"1,506.37",50
5/21/2025,17,"1,540.81",51
5/21/2025,18,"1,600.52",49
5/21/2025,19,"1,645.62",49
5/21/2025,20,"1,653.90",48
5/21/2025,21,"1,635.46",47
5/21/2025,22,"1,538.52",47
5/21/2025,23,"1,395.80",48
5/21/2025,24,"1,269.53",48
5/22/2025,01,"1,184.52",48
5/22/2025,02,"1,135.98",47
5/22/2025,03,"1,110.47",48
5/22/2025,04,"1,106.81",47
5/22/2025,05,"1,139.91",46
5/22/2025,06,"1,230.22",45
5/22/2025,07,"1,368.87",45
5/22/2025,08,"1,503.00",46
5/22/2025,09,"1,583.84",46
5/22/2025,10,"1,614.96",46
5/22/2025,11,"1,666.73",46
5/22/2025,12,"1,692.57",46
5/22/2025,13,"1,649.08",47
5/22/2025,14,"1,681.08",47
5/22/2025,15,"1,686.90",47
5/22/2025,16,"1,686.36",47
5/22/2025,17,"1,729.47",47
5/22/2025,18,"1,769.44",47
5/22/2025,19,"1,764.21",46
5/22/2025,20,"1,736.66",46
5/22/2025,21,"1,691.53",45
5/22/2025,22,"1,593.29",45
5/22/2025,23,"1,459.52",45
5/22/2025,24,"1,337.05",45
5/23/2025,01,"1,254.77",45
5/23/2025,02,"1,209.59",45
5/23/2025,03,"1,183.81",45
5/23/2025,04,"1,178.76",45
5/23/2025,05,"1,209.82",44
5/23/2025,06,"1,293.99",45
5/23/2025,07,"1,425.02",45
5/23/2025,08,"1,537.17",46
5/23/2025,09,"1,561.31",47
5/23/2025,10,"1,530.20",49
5/23/2025,11,"1,489.90",52
5/23/2025,12,"1,400.52",54
5/23/2025,13,"1,383.03",55
5/23/2025,14,"1,387.61",57
5/23/2025,15,"1,416.06",57
5/23/2025,16,"1,489.12",58
5/23/2025,17,"1,526.12",56
5/23/2025,18,"1,566.28",55
5/23/2025,19,"1,594.21",54
5/23/2025,20,"1,596.98",53
5/23/2025,21,"1,597.01",52
5/23/2025,22,"1,524.23",52
5/23/2025,23,"1,411.48",51
5/23/2025,24,"1,295.92",51
5/24/2025,01,"1,210.06",51
5/24/2025,02,"1,159.31",50
5/24/2025,03,"1,124.99",49
5/24/2025,04,"1,110.30",49
5/24/2025,05,"1,117.41",49
5/24/2025,06,"1,135.82",49
5/24/2025,07,"1,171.23",48
5/24/2025,08,"1,178.43",50
5/24/2025,09,"1,169.12",54
5/24/2025,10,"1,153.45",56
5/24/2025,11,"1,191.61",57
5/24/2025,12,"1,233.52",58
5/24/2025,13,"1,226.99",60
5/24/2025,14,"1,199.74",60
5/24/2025,15,"1,232.76",62
5/24/2025,16,"1,240.21",61
5/24/2025,17,"1,296.22",62
5/24/2025,18,"1,383.88",58
5/24/2025,19,"1,427.39",61
5/24/2025,20,"1,460.95",60
5/24/2025,21,"1,495.39",59
5/24/2025,22,"1,446.25",57
5/24/2025,23,"1,348.57",55
5/24/2025,24,"1,246.14",53
5/25/2025,01,"1,161.57",53
5/25/2025,02,"1,108.49",53
5/25/2025,03,"1,079.18",52
5/25/2025,04,"1,062.94",52
5/25/2025,05,"1,067.42",51
5/25/2025,06,"1,079.21",50
5/25/2025,07,"1,106.68",49
5/25/2025,08,"1,112.97",50
5/25/2025,09,"1,086.34",56
5/25/2025,10,"1,123.95",57
5/25/2025,11,"1,185.32",57
5/25/2025,12,"1,169.60",58
5/25/2025,13,"1,174.49",61
5/25/2025,14,"1,241.18",60
5/25/2025,15,"1,314.31",61
5/25/2025,16,"1,318.74",61
5/25/2025,17,"1,304.65",62
5/25/2025,18,"1,404.61",61
5/25/2025,19,"1,463.55",61
5/25/2025,20,"1,478.51",60
5/25/2025,21,"1,485.29",59
5/25/2025,22,"1,421.25",58
5/25/2025,23,"1,325.63",57
5/25/2025,24,"1,221.76",56
5/26/2025,01,"1,143.28",55
5/26/2025,02,"1,093.57",53
5/26/2025,03,"1,067.77",49
5/26/2025,04,"1,060.36",49
5/26/2025,05,"1,077.26",47
5/26/2025,06,"1,101.16",48
5/26/2025,07,"1,124.71",49
5/26/2025,08,"1,112.75",54
5/26/2025,09,"1,089.45",57
5/26/2025,10,"1,058.50",60
5/26/2025,11,"1,056.88",63
5/26/2025,12,"1,057.89",65
5/26/2025,13,"1,074.74",66
5/26/2025,14,"1,079.09",68
5/26/2025,15,"1,077.19",67
5/26/2025,16,"1,134.68",68
5/26/2025,17,"1,242.35",66
5/26/2025,18,"1,396.03",65
5/26/2025,19,"1,504.16",63
5/26/2025,20,"1,549.47",62
5/26/2025,21,"1,560.14",60
5/26/2025,22,"1,485.45",56
5/26/2025,23,"1,347.07",55
5/26/2025,24,"1,217.94",53
5/27/2025,01,"1,130.83",52
5/27/2025,02,"1,082.44",51
5/27/2025,03,"1,058.60",50
5/27/2025,04,"1,056.54",49
5/27/2025,05,"1,089.82",49
5/27/2025,06,"1,169.97",48
5/27/2025,07,"1,287.14",47
5/27/2025,08,"1,329.70",53
5/27/2025,09,"1,291.06",58
5/27/2025,10,"1,230.10",63
5/27/2025,11,"1,192.44",68
5/27/2025,12,"1,192.14",71
5/27/2025,13,"1,216.51",73
5/27/2025,14,"1,246.72",75
5/27/2025,15,"1,293.01",75
5/27/2025,16,"1,374.58",73
5/27/2025,17,"1,491.23",74
5/27/2025,18,"1,588.31",74
5/27/2025,19,"1,644.72",72
5/27/2025,20,"1,670.15",68
5/27/2025,21,"1,676.87",66
5/27/2025,22,"1,589.58",63
5/27/2025,23,"1,435.30",61
5/27/2025,24,"1,294.89",60
5/28/2025,01,"1,198.29",59
5/28/2025,02,"1,140.01",58
5/28/2025,03,"1,105.03",58
5/28/2025,04,"1,095.62",57
5/28/2025,05,"1,114.48",56
5/28/2025,06,"1,175.20",55
5/28/2025,07,"1,281.81",55
5/28/2025,08,"1,326.28",60
5/28/2025,09,"1,315.51",64
5/28/2025,10,"1,302.20",66
5/28/2025,11,"1,247.73",69
5/28/2025,12,"1,268.51",71
5/28/2025,13,"1,335.87",72
5/28/2025,14,"1,271.61",74
5/28/2025,15,"1,286.85",74
5/28/2025,16,"1,376.55",73
5/28/2025,17,"1,505.87",70
5/28/2025,18,"1,596.13",68
5/28/2025,19,"1,633.20",66
5/28/2025,20,"1,647.90",64
5/28/2025,21,"1,653.63",62
5/28/2025,22,"1,570.31",61
5/28/2025,23,"1,419.62",58
5/28/2025,24,"1,281.98",55
5/29/2025,01,"1,188.15",54
5/29/2025,02,"1,132.48",55
5/29/2025,03,"1,101.78",55
5/29/2025,04,"1,095.73",54
5/29/2025,05,"1,111.93",54
5/29/2025,06,"1,184.42",55
5/29/2025,07,"1,297.27",56
5/29/2025,08,"1,382.30",57
5/29/2025,09,"1,412.04",59
5/29/2025,10,"1,424.48",60
5/29/2025,11,"1,439.43",60
5/29/2025,12,"1,505.58",60
5/29/2025,13,"1,534.17",60
5/29/2025,14,"1,501.72",60
5/29/2025,15,"1,500.65",61
5/29/2025,16,"1,501.49",62
5/29/2025,17,"1,522.46",64
5/29/2025,18,"1,577.70",64
5/29/2025,19,"1,622.43",64
5/29/2025,20,"1,634.52",63
5/29/2025,21,"1,630.35",63
5/29/2025,22,"1,557.41",63
5/29/2025,23,"1,420.85",62
5/29/2025,24,"1,288.11",61
5/30/2025,01,"1,197.25",61
5/30/2025,02,"1,139.74",60
5/30/2025,03,"1,109.58",60
5/30/2025,04,"1,101.15",60
5/30/2025,05,"1,126.01",60
5/30/2025,06,"1,193.23",60
5/30/2025,07,"1,313.87",60
5/30/2025,08,"1,402.84",60
5/30/2025,09,"1,398.17",62
5/30/2025,10,"1,382.06",65
5/30/2025,11,"1,335.32",68
5/30/2025,12,"1,406.75",70
5/30/2025,13,"1,486.77",69
5/30/2025,14,"1,452.69",68
5/30/2025,15,"1,376.15",70
5/30/2025,16,"1,445.04",73
5/30/2025,17,"1,527.00",69
5/30/2025,18,"1,600.39",69
5/30/2025,19,"1,638.34",69
5/30/2025,20,"1,643.14",61
5/30/2025,21,"1,647.84",60
5/30/2025,22,"1,580.36",60
5/30/2025,23,"1,456.48",59
5/30/2025,24,"1,333.42",59
5/31/2025,01,"1,236.58",59
5/31/2025,02,"1,169.15",59
5/31/2025,03,"1,125.73",58
5/31/2025,04,"1,104.86",58
5/31/2025,05,"1,106.32",59
5/31/2025,06,"1,128.43",59
5/31/2025,07,"1,183.00",59
5/31/2025,08,"1,259.39",59
5/31/2025,09,"1,362.50",60
5/31/2025,10,"1,243.89",61
5/31/2025,11,"1,146.75",64
5/31/2025,12,"1,222.07",65
5/31/2025,13,"1,378.33",62
5/31/2025,14,"1,319.81",66
5/31/2025,15,"1,293.55",68
5/31/2025,16,"1,411.91",61
5/31/2025,17,"1,413.84",61
5/31/2025,18,"1,425.45",61
5/31/2025,19,"1,476.48",62
5/31/2025,20,"1,499.77",61
5/31/2025,21,"1,505.61",61
5/31/2025,22,"1,443.92",56
5/31/2025,23,"1,335.27",54
5/31/2025,24,"1,229.68",53
6/1/2025,01,"1,142.52",52
6/1/2025,02,"1,087.25",51
6/1/2025,03,"1,053.79",50
6/1/2025,04,"1,034.82",51
6/1/2025,05,"1,040.00",50
6/1/2025,06,"1,045.79",50
6/1/2025,07,"1,062.56",51
6/1/2025,08,"1,079.35",51
6/1/2025,09,"1,105.60",53
6/1/2025,10,"1,047.06",57
6/1/2025,11,"1,043.31",59
6/1/2025,12,"1,084.50",60
6/1/2025,13,"1,105.89",62
6/1/2025,14,"1,125.95",62
6/1/2025,15,"1,123.32",60
6/1/2025,16,"1,148.74",61
6/1/2025,17,"1,223.66",63
6/1/2025,18,"1,361.89",64
6/1/2025,19,"1,457.04",62
6/1/2025,20,"1,488.61",61
6/1/2025,21,"1,514.27",59
6/1/2025,22,"1,449.05",53
6/1/2025,23,"1,321.73",53
6/1/2025,24,"1,199.50",51
6/2/2025,01,"1,121.78",50
6/2/2025,02,"1,077.77",50
6/2/2025,03,"1,053.57",51
6/2/2025,04,"1,051.32",52
6/2/2025,05,"1,088.49",52
6/2/2025,06,"1,166.27",51
6/2/2025,07,"1,273.87",50
6/2/2025,08,"1,309.30",53
6/2/2025,09,"1,261.41",58
6/2/2025,10,"1,188.14",61
6/2/2025,11,"1,145.06",63
6/2/2025,12,"1,140.02",64
6/2/2025,13,"1,149.12",65
6/2/2025,14,"1,184.57",67
6/2/2025,15,"1,235.83",68
6/2/2025,16,"1,299.65",69
6/2/2025,17,"1,383.98",69
6/2/2025,18,"1,499.82",69
6/2/2025,19,"1,597.14",67
6/2/2025,20,"1,623.56",66
6/2/2025,21,"1,630.70",63
6/2/2025,22,"1,547.22",60
6/2/2025,23,"1,400.11",61
6/2/2025,24,"1,272.31",60
6/3/2025,01,"1,169.66",59
6/3/2025,02,"1,113.27",58
6/3/2025,03,"1,079.50",56
6/3/2025,04,"1,073.19",54
6/3/2025,05,"1,100.71",51
6/3/2025,06,"1,166.19",50
6/3/2025,07,"1,272.05",51
6/3/2025,08,"1,323.45",54
6/3/2025,09,"1,293.36",60
6/3/2025,10,"1,238.68",67
6/3/2025,11,"1,225.71",70
6/3/2025,12,"1,191.85",72
6/3/2025,13,"1,206.70",74
6/3/2025,14,"1,256.61",76
6/3/2025,15,"1,288.67",77
6/3/2025,16,"1,491.80",76
6/3/2025,17,"1,547.32",75
6/3/2025,18,"1,660.80",76
6/3/2025,19,"1,746.15",74
6/3/2025,20,"1,738.03",71
6/3/2025,21,"1,727.63",66
6/3/2025,22,"1,601.07",63
6/3/2025,23,"1,429.08",60
6/3/2025,24,"1,293.23",59
6/4/2025,01,"1,213.16",61
6/4/2025,02,"1,147.34",60
6/4/2025,03,"1,107.50",58
6/4/2025,04,"1,096.31",59
6/4/2025,05,"1,124.40",58
6/4/2025,06,"1,184.12",58
6/4/2025,07,"1,293.14",58
6/4/2025,08,"1,367.74",60
6/4/2025,09,"1,370.84",64
6/4/2025,10,"1,351.55",66
6/4/2025,11,"1,343.09",71
6/4/2025,12,"1,351.31",75
6/4/2025,13,"1,378.48",78
6/4/2025,14,"1,443.86",80
6/4/2025,15,"1,520.87",81
6/4/2025,16,"1,623.72",81
6/4/2025,17,"1,732.50",79
6/4/2025,18,"1,821.26",78
6/4/2025,19,"1,862.39",75
6/4/2025,20,"1,854.19",73
6/4/2025,21,"1,835.56",69
6/4/2025,22,"1,739.52",67
6/4/2025,23,"1,567.72",66
6/4/2025,24,"1,411.45",65
6/5/2025,01,"1,296.28",64
6/5/2025,02,"1,225.95",64
6/5/2025,03,"1,183.66",62
6/5/2025,04,"1,166.11",60
6/5/2025,05,"1,184.25",59
6/5/2025,06,"1,242.10",59
6/5/2025,07,"1,368.36",60
6/5/2025,08,"1,465.07",64
6/5/2025,09,"1,500.75",72
6/5/2025,10,"1,531.02",77
6/5/2025,11,"1,610.19",82
6/5/2025,12,"1,726.50",80
6/5/2025,13,"1,833.28",82
6/5/2025,14,"1,957.40",83
6/5/2025,15,"2,080.62",85
6/5/2025,16,"2,200.98",86
6/5/2025,17,"2,307.66",85
6/5/2025,18,"2,412.60",85
6/5/2025,19,"2,455.01",86
6/5/2025,20,"2,418.89",85
6/5/2025,21,"2,374.48",82
6/5/2025,22,"2,242.63",80
6/5/2025,23,"2,018.59",77
6/5/2025,24,"1,805.06",76
6/6/2025,01,"1,643.32",74
6/6/2025,02,"1,529.92",72
6/6/2025,03,"1,455.02",71
6/6/2025,04,"1,414.80",69
6/6/2025,05,"1,413.46",67
6/6/2025,06,"1,458.27",66
6/6/2025,07,"1,560.01",66
6/6/2025,08,"1,677.51",72
6/6/2025,09,"1,702.56",74
6/6/2025,10,"1,728.32",78
6/6/2025,11,"1,758.74",80
6/6/2025,12,"1,790.33",81
6/6/2025,13,"1,878.31",82
6/6/2025,14,"1,963.70",83
6/6/2025,15,"2,040.24",79
6/6/2025,16,"2,124.05",77
6/6/2025,17,"2,183.28",79
6/6/2025,18,"2,243.46",81
6/6/2025,19,"2,198.87",78
6/6/2025,20,"2,127.83",75
6/6/2025,21,"2,047.33",72
6/6/2025,22,"1,936.03",72
6/6/2025,23,"1,780.70",68
6/6/2025,24,"1,612.48",68
6/7/2025,01,"1,486.10",67
6/7/2025,02,"1,397.99",66
6/7/2025,03,"1,342.20",65
6/7/2025,04,"1,310.66",66
6/7/2025,05,"1,309.18",66
6/7/2025,06,"1,324.23",66
6/7/2025,07,"1,376.98",66
6/7/2025,08,"1,459.93",65
6/7/2025,09,"1,567.80",67
6/7/2025,10,"1,652.00",67
6/7/2025,11,"1,691.16",67
6/7/2025,12,"1,755.09",69
6/7/2025,13,"1,740.97",69
6/7/2025,14,"1,726.28",71
6/7/2025,15,"1,753.15",72
6/7/2025,16,"1,770.10",72
6/7/2025,17,"1,796.55",70
6/7/2025,18,"1,808.85",68
6/7/2025,19,"1,765.33",67
6/7/2025,20,"1,694.36",67
6/7/2025,21,"1,684.71",66
6/7/2025,22,"1,631.87",65
6/7/2025,23,"1,525.25",65
6/7/2025,24,"1,398.44",64
6/8/2025,01,"1,294.71",63
6/8/2025,02,"1,224.55",62
6/8/2025,03,"1,173.65",62
6/8/2025,04,"1,144.89",61
6/8/2025,05,"1,135.33",60
6/8/2025,06,"1,126.33",58
6/8/2025,07,"1,158.73",59
6/8/2025,08,"1,178.00",62
6/8/2025,09,"1,240.66",63
6/8/2025,10,"1,288.75",66
6/8/2025,11,"1,329.21",68
6/8/2025,12,"1,371.04",69
6/8/2025,13,"1,398.87",71
6/8/2025,14,"1,403.31",71
6/8/2025,15,"1,408.17",73
6/8/2025,16,"1,419.41",71
6/8/2025,17,"1,501.70",73
6/8/2025,18,"1,626.05",71
6/8/2025,19,"1,695.92",72
6/8/2025,20,"1,706.82",70
6/8/2025,21,"1,690.56",67
6/8/2025,22,"1,608.99",64
6/8/2025,23,"1,470.42",63
6/8/2025,24,"1,328.64",62
6/9/2025,01,"1,225.94",60
6/9/2025,02,"1,167.30",59
6/9/2025,03,"1,130.87",60
6/9/2025,04,"1,121.23",59
6/9/2025,05,"1,151.39",59
6/9/2025,06,"1,218.76",59
6/9/2025,07,"1,331.92",58
6/9/2025,08,"1,435.23",59
6/9/2025,09,"1,494.98",60
6/9/2025,10,"1,522.04",64
6/9/2025,11,"1,502.14",65
6/9/2025,12,"1,536.70",65
6/9/2025,13,"1,558.49",68
6/9/2025,14,"1,572.60",67
6/9/2025,15,"1,602.76",66
6/9/2025,16,"1,588.17",67
6/9/2025,17,"1,648.82",65
6/9/2025,18,"1,717.57",63
6/9/2025,19,"1,730.21",63
6/9/2025,20,"1,711.41",62
6/9/2025,21,"1,664.48",62
6/9/2025,22,"1,575.48",61
6/9/2025,23,"1,440.07",61
6/9/2025,24,"1,312.76",62
6/10/2025,01,"1,223.79",61
6/10/2025,02,"1,167.85",60
6/10/2025,03,"1,136.38",60
6/10/2025,04,"1,128.38",60
6/10/2025,05,"1,155.34",60
6/10/2025,06,"1,227.68",59
6/10/2025,07,"1,354.03",59
6/10/2025,08,"1,469.14",59
6/10/2025,09,"1,543.67",59
6/10/2025,10,"1,571.55",60
6/10/2025,11,"1,607.97",60
6/10/2025,12,"1,657.48",61
6/10/2025,13,"1,669.44",61
6/10/2025,14,"1,627.90",62
6/10/2025,15,"1,641.82",63
6/10/2025,16,"1,658.56",63
6/10/2025,17,"1,669.45",64
6/10/2025,18,"1,671.74",65
6/10/2025,19,"1,686.04",65
6/10/2025,20,"1,678.00",65
6/10/2025,21,"1,658.85",65
6/10/2025,22,"1,586.49",65
6/10/2025,23,"1,455.02",66
6/10/2025,24,"1,327.41",66
6/11/2025,01,"1,240.09",66
6/11/2025,02,"1,193.41",65
6/11/2025,03,"1,160.13",64
6/11/2025,04,"1,147.22",62
6/11/2025,05,"1,171.35",62
6/11/2025,06,"1,229.95",61
6/11/2025,07,"1,343.55",61
6/11/2025,08,"1,412.59",63
6/11/2025,09,"1,415.36",68
6/11/2025,10,"1,391.82",71
6/11/2025,11,"1,365.74",74
6/11/2025,12,"1,387.27",76
6/11/2025,13,"1,411.85",78
6/11/2025,14,"1,488.83",79
6/11/2025,15,"1,578.92",81
6/11/2025,16,"1,678.75",80
6/11/2025,17,"1,807.79",79
6/11/2025,18,"1,919.24",79
6/11/2025,19,"1,978.28",79
6/11/2025,20,"1,972.37",78
6/11/2025,21,"1,941.36",74
6/11/2025,22,"1,864.21",71
6/11/2025,23,"1,678.00",69
6/11/2025,24,"1,502.73",68
6/12/2025,01,"1,368.22",68
6/12/2025,02,"1,284.08",66
6/12/2025,03,"1,230.37",62
6/12/2025,04,"1,206.93",62
6/12/2025,05,"1,226.77",61
6/12/2025,06,"1,280.28",62
6/12/2025,07,"1,403.07",67
6/12/2025,08,"1,501.87",68
6/12/2025,09,"1,533.56",73
6/12/2025,10,"1,557.10",76
6/12/2025,11,"1,598.17",80
6/12/2025,12,"1,673.45",83
6/12/2025,13,"1,771.23",84
6/12/2025,14,"1,791.98",83
6/12/2025,15,"1,902.75",86
6/12/2025,16,"2,028.80",88
6/12/2025,17,"2,160.95",87
6/12/2025,18,"2,264.10",86
6/12/2025,19,"2,291.24",86
6/12/2025,20,"2,246.63",84
6/12/2025,21,"2,164.99",81
6/12/2025,22,"2,037.86",78
6/12/2025,23,"1,813.79",75
6/12/2025,24,"1,603.07",73
6/13/2025,01,"1,444.21",72
6/13/2025,02,"1,342.34",70
6/13/2025,03,"1,274.33",67
6/13/2025,04,"1,242.59",67
6/13/2025,05,"1,251.26",66
6/13/2025,06,"1,291.22",63
6/13/2025,07,"1,384.50",63
6/13/2025,08,"1,457.57",64
6/13/2025,09,"1,474.12",66
6/13/2025,10,"1,469.44",68
6/13/2025,11,"1,428.70",69
6/13/2025,12,"1,409.50",71
6/13/2025,13,"1,441.16",72
6/13/2025,14,"1,522.45",74
6/13/2025,15,"1,622.79",75
6/13/2025,16,"1,768.04",74
6/13/2025,17,"1,770.82",72
6/13/2025,18,"1,828.63",73
6/13/2025,19,"1,843.13",71
6/13/2025,20,"1,803.30",68
6/13/2025,21,"1,768.92",66
6/13/2025,22,"1,696.02",64
6/13/2025,23,"1,563.32",63
6/13/2025,24,"1,419.37",61
6/14/2025,01,"1,303.67",62
6/14/2025,02,"1,230.66",61
6/14/2025,03,"1,184.59",61
6/14/2025,04,"1,159.56",61
6/14/2025,05,"1,159.86",61
6/14/2025,06,"1,169.71",60
6/14/2025,07,"1,220.22",60
6/14/2025,08,"1,285.88",61
6/14/2025,09,"1,346.73",62
6/14/2025,10,"1,438.68",62
6/14/2025,11,"1,508.57",62
6/14/2025,12,"1,522.66",61
6/14/2025,13,"1,531.70",61
6/14/2025,14,"1,538.69",59
6/14/2025,15,"1,534.16",59
6/14/2025,16,"1,511.70",57
6/14/2025,17,"1,510.10",57
6/14/2025,18,"1,531.91",56
6/14/2025,19,"1,534.68",56
6/14/2025,20,"1,523.15",56
6/14/2025,21,"1,513.56",56
6/14/2025,22,"1,464.91",56
6/14/2025,23,"1,371.78",56
6/14/2025,24,"1,264.80",56
6/15/2025,01,"1,185.25",56
6/15/2025,02,"1,129.01",56
6/15/2025,03,"1,092.46",56
6/15/2025,04,"1,075.45",56
6/15/2025,05,"1,077.05",56
6/15/2025,06,"1,087.41",56
6/15/2025,07,"1,110.85",56
6/15/2025,08,"1,154.61",57
6/15/2025,09,"1,224.55",58
6/15/2025,10,"1,235.66",60
6/15/2025,11,"1,188.13",62
6/15/2025,12,"1,133.37",63
6/15/2025,13,"1,143.86",66
6/15/2025,14,"1,163.08",67
6/15/2025,15,"1,191.25",68
6/15/2025,16,"1,254.80",69
6/15/2025,17,"1,367.51",71
6/15/2025,18,"1,487.97",70
6/15/2025,19,"1,566.12",69
6/15/2025,20,"1,599.14",67
6/15/2025,21,"1,616.17",65
6/15/2025,22,"1,559.18",64
6/15/2025,23,"1,430.56",63
6/15/2025,24,"1,297.62",63
6/16/2025,01,"1,205.47",62
6/16/2025,02,"1,147.94",61
6/16/2025,03,"1,114.29",60
6/16/2025,04,"1,104.37",59
6/16/2025,05,"1,132.15",59
6/16/2025,06,"1,193.71",56
6/16/2025,07,"1,300.51",56
6/16/2025,08,"1,388.96",59
6/16/2025,09,"1,395.54",62
6/16/2025,10,"1,329.80",64
6/16/2025,11,"1,281.74",67
6/16/2025,12,"1,289.03",68
6/16/2025,13,"1,305.67",71
6/16/2025,14,"1,358.72",72
6/16/2025,15,"1,418.90",73
6/16/2025,16,"1,514.16",73
6/16/2025,17,"1,655.69",74
6/16/2025,18,"1,798.12",72
6/16/2025,19,"1,849.32",70
6/16/2025,20,"1,825.34",68
6/16/2025,21,"1,815.40",67
6/16/2025,22,"1,734.84",64
6/16/2025,23,"1,566.67",63
6/16/2025,24,"1,410.89",63
6/17/2025,01,"1,301.01",63
6/17/2025,02,"1,229.81",63
6/17/2025,03,"1,193.92",63
6/17/2025,04,"1,178.87",62
6/17/2025,05,"1,201.84",62
6/17/2025,06,"1,263.24",62
6/17/2025,07,"1,381.78",62
6/17/2025,08,"1,511.08",62
6/17/2025,09,"1,562.30",63
6/17/2025,10,"1,552.88",64
6/17/2025,11,"1,561.94",65
6/17/2025,12,"1,606.88",67
6/17/2025,13,"1,603.52",67
6/17/2025,14,"1,675.13",67
6/17/2025,15,"1,727.89",67
6/17/2025,16,"1,760.97",67
6/17/2025,17,"1,781.94",67
6/17/2025,18,"1,842.10",67
6/17/2025,19,"1,851.05",67
6/17/2025,20,"1,839.38",66
6/17/2025,21,"1,835.81",65
6/17/2025,22,"1,759.87",65
6/17/2025,23,"1,612.91",64
6/17/2025,24,"1,465.18",63
6/18/2025,01,"1,359.09",63
6/18/2025,02,"1,289.42",62
6/18/2025,03,"1,250.75",62
6/18/2025,04,"1,234.77",63
6/18/2025,05,"1,257.22",63
6/18/2025,06,"1,325.68",63
6/18/2025,07,"1,455.67",64
6/18/2025,08,"1,577.26",64
6/18/2025,09,"1,664.77",65
6/18/2025,10,"1,709.61",66
6/18/2025,11,"1,726.29",66
6/18/2025,12,"1,757.67",67
6/18/2025,13,"1,700.33",70
6/18/2025,14,"1,779.58",70
6/18/2025,15,"1,784.73",71
6/18/2025,16,"1,808.80",71
6/18/2025,17,"1,880.80",73
6/18/2025,18,"1,981.76",73
6/18/2025,19,"2,031.07",72
6/18/2025,20,"2,039.33",69
6/18/2025,21,"2,020.59",67
6/18/2025,22,"1,948.52",66
6/18/2025,23,"1,787.10",65
6/18/2025,24,"1,619.86",66
6/19/2025,01,"1,495.52",65
6/19/2025,02,"1,412.71",66
6/19/2025,03,"1,359.53",66
6/19/2025,04,"1,334.00",65
6/19/2025,05,"1,348.94",66
6/19/2025,06,"1,399.43",66
6/19/2025,07,"1,492.29",67
6/19/2025,08,"1,607.85",67
6/19/2025,09,"1,727.39",69
6/19/2025,10,"1,807.96",74
6/19/2025,11,"1,887.56",78
6/19/2025,12,"1,958.85",78
6/19/2025,13,"2,051.67",84
6/19/2025,14,"2,193.04",85
6/19/2025,15,"2,331.55",84
6/19/2025,16,"2,484.23",88
6/19/2025,17,"2,625.70",88
6/19/2025,18,"2,723.55",86
6/19/2025,19,"2,726.69",85
6/19/2025,20,"2,617.08",81
6/19/2025,21,"2,493.90",78
6/19/2025,22,"2,339.04",74
6/19/2025,23,"2,108.17",71
6/19/2025,24,"1,888.22",71
6/20/2025,01,"1,712.69",71
6/20/2025,02,"1,603.04",71
6/20/2025,03,"1,522.42",70
6/20/2025,04,"1,479.63",71
6/20/2025,05,"1,478.10",70
6/20/2025,06,"1,519.47",70
6/20/2025,07,"1,621.08",70
6/20/2025,08,"1,697.19",72
6/20/2025,09,"1,727.89",72
6/20/2025,10,"1,743.47",74
6/20/2025,11,"1,688.84",74
6/20/2025,12,"1,694.34",77
6/20/2025,13,"1,719.71",79
6/20/2025,14,"1,784.71",80
6/20/2025,15,"1,880.75",82
6/20/2025,16,"2,021.01",81
6/20/2025,17,"2,153.67",82
6/20/2025,18,"2,238.65",81
6/20/2025,19,"2,235.41",81
6/20/2025,20,"2,189.34",80
6/20/2025,21,"2,103.09",78
6/20/2025,22,"2,010.09",76
6/20/2025,23,"1,832.47",72
6/20/2025,24,"1,651.69",71
6/21/2025,01,"1,507.11",68
6/21/2025,02,"1,402.64",67
6/21/2025,03,"1,331.63",66
6/21/2025,04,"1,287.90",67
6/21/2025,05,"1,269.79",64
6/21/2025,06,"1,261.63",64
6/21/2025,07,"1,305.00",61
6/21/2025,08,"1,378.74",66
6/21/2025,09,"1,449.17",71
6/21/2025,10,"1,507.69",74
6/21/2025,11,"1,559.53",77
6/21/2025,12,"1,632.65",79
6/21/2025,13,"1,707.57",81
6/21/2025,14,"1,805.15",83
6/21/2025,15,"1,908.20",81
6/21/2025,16,"2,046.76",85
6/21/2025,17,"2,183.78",86
6/21/2025,18,"2,281.32",86
6/21/2025,19,"2,303.58",81
6/21/2025,20,"2,252.49",80
6/21/2025,21,"2,171.22",77
6/21/2025,22,"2,081.78",75
6/21/2025,23,"1,922.76",73
6/21/2025,24,"1,748.18",71
6/22/2025,01,"1,611.66",70
6/22/2025,02,"1,507.62",69
6/22/2025,03,"1,437.69",68
6/22/2025,04,"1,399.89",68
6/22/2025,05,"1,383.19",68
6/22/2025,06,"1,384.78",68
6/22/2025,07,"1,418.77",69
6/22/2025,08,"1,493.24",71
6/22/2025,09,"1,579.03",71
6/22/2025,10,"1,689.29",73
6/22/2025,11,"1,715.19",75
6/22/2025,12,"1,751.25",78
6/22/2025,13,"1,840.56",86
6/22/2025,14,"1,982.93",87
6/22/2025,15,"2,181.59",91
6/22/2025,16,"2,407.07",93
6/22/2025,17,"2,604.49",94
6/22/2025,18,"2,664.75",90
6/22/2025,19,"2,665.25",89
6/22/2025,20,"2,630.81",88
6/22/2025,21,"2,561.29",86
6/22/2025,22,"2,439.79",83
6/22/2025,23,"2,228.81",82
6/22/2025,24,"2,010.28",80
6/23/2025,01,"1,846.94",79
6/23/2025,02,"1,743.05",78
6/23/2025,03,"1,663.28",77
6/23/2025,04,"1,614.53",77
6/23/2025,05,"1,620.10",76
6/23/2025,06,"1,666.14",75
6/23/2025,07,"1,795.04",73
6/23/2025,08,"1,974.03",79
6/23/2025,09,"2,134.17",81
6/23/2025,10,"2,255.69",85
6/23/2025,11,"2,388.56",87
6/23/2025,12,"2,525.63",88
6/23/2025,13,"2,664.00",89
6/23/2025,14,"2,796.25",89
6/23/2025,15,"2,903.67",88
6/23/2025,16,"2,982.96",87
6/23/2025,17,"3,065.13",86
6/23/2025,18,"3,136.12",88
6/23/2025,19,"3,131.73",88
6/23/2025,20,"3,048.88",87
6/23/2025,21,"2,925.97",84
6/23/2025,22,"2,773.23",81
6/23/2025,23,"2,523.74",78
6/23/2025,24,"2,279.67",77
6/24/2025,01,"2,087.89",79
6/24/2025,02,"1,963.17",79
6/24/2025,03,"1,897.27",79
6/24/2025,04,"1,849.74",78
6/24/2025,05,"1,843.71",76
6/24/2025,06,"1,884.39",75
6/24/2025,07,"2,026.05",76
6/24/2025,08,"2,222.64",79
6/24/2025,09,"2,387.74",85
6/24/2025,10,"2,540.03",89
6/24/2025,11,"2,672.90",93
6/24/2025,12,"2,832.68",95
6/24/2025,13,"2,981.09",96
6/24/2025,14,"3,126.48",98
6/24/2025,15,"3,209.65",99
6/24/2025,16,"3,354.83",99
6/24/2025,17,"3,319.85",99
6/24/2025,18,"3,618.18",100
6/24/2025,19,"3,547.17",99
6/24/2025,20,"3,449.82",97
6/24/2025,21,"3,338.53",94
6/24/2025,22,"3,067.25",90
6/24/2025,23,"2,990.82",89
6/24/2025,24,"2,674.20",87
6/25/2025,01,"2,423.43",86
6/25/2025,02,"2,263.97",85
6/25/2025,03,"2,142.50",83
6/25/2025,04,"2,057.26",82
6/25/2025,05,"2,024.14",80
6/25/2025,06,"2,039.28",79
6/25/2025,07,"2,172.30",78
6/25/2025,08,"2,368.85",81
6/25/2025,09,"2,544.44",86
6/25/2025,10,"2,677.91",89
6/25/2025,11,"2,794.25",91
6/25/2025,12,"2,923.77",92
6/25/2025,13,"3,049.35",92
6/25/2025,14,"3,114.66",94
6/25/2025,15,"3,152.72",94
6/25/2025,16,"3,144.27",96
6/25/2025,17,"3,139.78",93
6/25/2025,18,"3,144.28",85
6/25/2025,19,"3,137.24",85
6/25/2025,20,"3,047.92",84
6/25/2025,21,"2,909.34",82
6/25/2025,22,"2,750.27",80
6/25/2025,23,"2,513.29",78
6/25/2025,24,"2,278.41",76
6/26/2025,01,"2,064.00",75
6/26/2025,02,"1,940.59",75
6/26/2025,03,"1,849.68",74
6/26/2025,04,"1,783.25",74
6/26/2025,05,"1,737.16",75
6/26/2025,06,"1,726.25",74
6/26/2025,07,"1,772.14",73
6/26/2025,08,"1,837.74",66
6/26/2025,09,"1,888.07",66
6/26/2025,10,"1,877.53",64
6/26/2025,11,"1,870.19",63
6/26/2025,12,"1,872.79",63
6/26/2025,13,"1,848.48",62
6/26/2025,14,"1,797.61",66
6/26/2025,15,"1,794.32",66
6/26/2025,16,"1,796.07",66
6/26/2025,17,"1,799.21",66
6/26/2025,18,"1,821.01",65
6/26/2025,19,"1,805.64",64
6/26/2025,20,"1,778.79",64
6/26/2025,21,"1,765.33",62
6/26/2025,22,"1,702.96",62
6/26/2025,23,"1,569.15",62
6/26/2025,24,"1,435.03",62
6/27/2025,01,"1,337.27",62
6/27/2025,02,"1,271.48",62
6/27/2025,03,"1,230.65",62
6/27/2025,04,"1,219.08",61
6/27/2025,05,"1,239.10",62
6/27/2025,06,"1,292.21",61
6/27/2025,07,"1,381.28",61
6/27/2025,08,"1,479.61",62
6/27/2025,09,"1,499.16",63
6/27/2025,10,"1,524.82",64
6/27/2025,11,"1,462.16",66
6/27/2025,12,"1,427.18",69
6/27/2025,13,"1,425.85",70
6/27/2025,14,"1,509.34",72
6/27/2025,15,"1,590.11",73
6/27/2025,16,"1,692.55",72
6/27/2025,17,"1,777.60",72
6/27/2025,18,"1,868.44",71
6/27/2025,19,"1,912.24",70
6/27/2025,20,"1,871.97",67
6/27/2025,21,"1,818.99",65
6/27/2025,22,"1,748.83",64
6/27/2025,23,"1,618.33",64
6/27/2025,24,"1,478.55",63
6/28/2025,01,"1,365.77",64
6/28/2025,02,"1,288.08",63
6/28/2025,03,"1,236.96",63
6/28/2025,04,"1,207.80",63
6/28/2025,05,"1,208.45",63
6/28/2025,06,"1,233.37",63
6/28/2025,07,"1,288.25",63
6/28/2025,08,"1,362.61",63
6/28/2025,09,"1,459.98",65
6/28/2025,10,"1,556.89",66
6/28/2025,11,"1,619.31",67
6/28/2025,12,"1,652.29",68
6/28/2025,13,"1,675.89",70
6/28/2025,14,"1,676.84",71
6/28/2025,15,"1,656.01",73
6/28/2025,16,"1,656.86",75
6/28/2025,17,"1,679.54",75
6/28/2025,18,"1,807.84",76
6/28/2025,19,"1,845.71",73
6/28/2025,20,"1,858.63",72
6/28/2025,21,"1,854.70",70
6/28/2025,22,"1,809.43",69
6/28/2025,23,"1,701.40",68
6/28/2025,24,"1,578.16",68
6/29/2025,01,"1,472.39",68
6/29/2025,02,"1,394.48",68
6/29/2025,03,"1,346.05",68
6/29/2025,04,"1,321.00",68
6/29/2025,05,"1,319.67",68
6/29/2025,06,"1,326.93",68
6/29/2025,07,"1,358.40",67
6/29/2025,08,"1,421.61",72
6/29/2025,09,"1,516.49",76
6/29/2025,10,"1,620.07",80
6/29/2025,11,"1,786.47",83
6/29/2025,12,"1,893.24",84
6/29/2025,13,"1,968.30",85
6/29/2025,14,"2,046.28",87
6/29/2025,15,"2,145.57",88
6/29/2025,16,"2,273.20",88
6/29/2025,17,"2,418.71",89
6/29/2025,18,"2,540.97",87
6/29/2025,19,"2,569.86",86
6/29/2025,20,"2,504.45",84
6/29/2025,21,"2,380.09",82
6/29/2025,22,"2,247.03",79
6/29/2025,23,"2,031.20",74
6/29/2025,24,"1,812.49",71
6/30/2025,01,"1,642.83",71
6/30/2025,02,"1,525.24",69
6/30/2025,03,"1,449.42",68
6/30/2025,04,"1,405.09",68
6/30/2025,05,"1,405.82",66
6/30/2025,06,"1,443.50",65
6/30/2025,07,"1,549.90",66
6/30/2025,08,"1,687.28",69
6/30/2025,09,"1,794.46",73
6/30/2025,10,"1,872.10",77
6/30/2025,11,"1,946.98",79
6/30/2025,12,"2,054.41",81
6/30/2025,13,"2,170.51",82
6/30/2025,14,"2,334.93",84
6/30/2025,15,"2,440.96",83
6/30/2025,16,"2,530.63",84
6/30/2025,17,"2,607.80",79
6/30/2025,18,"2,693.61",80
6/30/2025,19,"2,712.51",76
6/30/2025,20,"2,663.31",74
6/30/2025,21,"2,541.66",71
6/30/2025,22,"2,396.67",69
6/30/2025,23,"2,169.55",69
6/30/2025,24,"1,944.74",70
7/1/2025,01,"1,784.52",70
7/1/2025,02,"1,674.65",70
7/1/2025,03,"1,608.43",69
7/1/2025,04,"1,581.29",69
7/1/2025,05,"1,595.04",70
7/1/2025,06,"1,650.17",70
7/1/2025,07,"1,773.45",71
7/1/2025,08,"1,908.50",72
7/1/2025,09,"2,021.76",73
7/1/2025,10,"2,112.51",74
7/1/2025,11,"2,077.17",75
7/1/2025,12,"2,237.12",79
7/1/2025,13,"2,268.13",82
7/1/2025,14,"2,400.47",86
7/1/2025,15,"2,541.60",89
7/1/2025,16,"2,714.59",90
7/1/2025,17,"2,856.64",89
7/1/2025,18,"2,936.80",89
7/1/2025,19,"2,984.24",88
7/1/2025,20,"2,913.74",84
7/1/2025,21,"2,797.28",82
7/1/2025,22,"2,583.74",79
7/1/2025,23,"2,326.99",76
7/1/2025,24,"2,092.01",74
7/2/2025,01,"1,917.40",74
7/2/2025,02,"1,801.39",73
7/2/2025,03,"1,724.32",73
7/2/2025,04,"1,683.32",73
7/2/2025,05,"1,685.27",73
7/2/2025,06,"1,734.84",73
7/2/2025,07,"1,830.34",72
7/2/2025,08,"1,962.14",73
7/2/2025,09,"2,071.35",74
7/2/2025,10,"2,128.19",74
7/2/2025,11,"2,198.59",75
7/2/2025,12,"2,237.78",77
7/2/2025,13,"2,297.24",80
7/2/2025,14,"2,324.77",82
7/2/2025,15,"2,473.94",85
7/2/2025,16,"2,559.04",83
7/2/2025,17,"2,574.61",83
7/2/2025,18,"2,578.77",83
7/2/2025,19,"2,572.64",82
7/2/2025,20,"2,556.52",80
7/2/2025,21,"2,489.10",78
7/2/2025,22,"2,375.45",75
7/2/2025,23,"2,178.59",74
7/2/2025,24,"1,965.98",73
7/3/2025,01,"1,790.21",71
7/3/2025,02,"1,665.97",69
7/3/2025,03,"1,582.45",68
7/3/2025,04,"1,535.41",67
7/3/2025,05,"1,531.64",67
7/3/2025,06,"1,571.56",67
7/3/2025,07,"1,664.37",67
7/3/2025,08,"1,785.94",70
7/3/2025,09,"1,902.30",74
7/3/2025,10,"2,017.94",78
7/3/2025,11,"2,134.91",84
7/3/2025,12,"2,257.66",85
7/3/2025,13,"2,335.40",88
7/3/2025,14,"2,450.15",88
7/3/2025,15,"2,540.43",88
7/3/2025,16,"2,665.45",88
7/3/2025,17,"2,774.68",89
7/3/2025,18,"2,848.98",87
7/3/2025,19,"2,787.94",87
7/3/2025,20,"2,658.99",84
7/3/2025,21,"2,308.24",66
7/3/2025,22,"2,111.52",66
7/3/2025,23,"1,932.49",66
7/3/2025,24,"1,754.32",67
7/4/2025,01,"1,593.62",65
7/4/2025,02,"1,482.15",64
7/4/2025,03,"1,403.57",63
7/4/2025,04,"1,353.70",62
7/4/2025,05,"1,332.31",62
7/4/2025,06,"1,322.69",61
7/4/2025,07,"1,357.40",62
7/4/2025,08,"1,408.10",66
7/4/2025,09,"1,467.90",69
7/4/2025,10,"1,492.48",72
7/4/2025,11,"1,509.46",73
7/4/2025,12,"1,541.65",75
7/4/2025,13,"1,575.65",76
7/4/2025,14,"1,611.07",77
7/4/2025,15,"1,679.66",78
7/4/2025,16,"1,803.58",79
7/4/2025,17,"1,960.74",80
7/4/2025,18,"2,088.92",78
7/4/2025,19,"2,089.74",80
7/4/2025,20,"2,040.36",79
7/4/2025,21,"1,948.00",77
7/4/2025,22,"1,855.01",74
7/4/2025,23,"1,756.54",70
7/4/2025,24,"1,614.87",69
7/5/2025,01,"1,476.00",66
7/5/2025,02,"1,372.97",64
7/5/2025,03,"1,301.10",64
7/5/2025,04,"1,257.22",62
7/5/2025,05,"1,239.54",62
7/5/2025,06,"1,226.58",60
7/5/2025,07,"1,251.16",60
7/5/2025,08,"1,306.46",62
7/5/2025,09,"1,367.51",66
7/5/2025,10,"1,443.63",72
7/5/2025,11,"1,520.77",75
7/5/2025,12,"1,642.72",76
7/5/2025,13,"1,802.38",77
7/5/2025,14,"1,797.10",78
7/5/2025,15,"1,843.32",79
7/5/2025,16,"2,003.61",81
7/5/2025,17,"2,120.18",82
7/5/2025,18,"2,151.94",81
7/5/2025,19,"2,210.08",81
7/5/2025,20,"2,187.88",78
7/5/2025,21,"2,122.55",75
7/5/2025,22,"2,047.25",72
7/5/2025,23,"1,895.68",69
7/5/2025,24,"1,744.90",69
7/6/2025,01,"1,604.86",68
7/6/2025,02,"1,502.39",67
7/6/2025,03,"1,427.30",67
7/6/2025,04,"1,391.82",67
7/6/2025,05,"1,379.67",67
7/6/2025,06,"1,372.75",67
7/6/2025,07,"1,406.10",69
7/6/2025,08,"1,484.34",71
7/6/2025,09,"1,601.49",74
7/6/2025,10,"1,731.00",78
7/6/2025,11,"1,870.21",81
7/6/2025,12,"2,028.51",83
7/6/2025,13,"2,156.91",86
7/6/2025,14,"2,285.27",88
7/6/2025,15,"2,393.97",90
7/6/2025,16,"2,520.39",89
7/6/2025,17,"2,699.31",88
7/6/2025,18,"2,760.11",87
7/6/2025,19,"2,773.19",85
7/6/2025,20,"2,668.35",82
7/6/2025,21,"2,523.92",79
7/6/2025,22,"2,390.72",75
7/6/2025,23,"2,177.92",73
7/6/2025,24,"1,957.36",71
7/7/2025,01,"1,805.95",72
7/7/2025,02,"1,711.58",71
7/7/2025,03,"1,664.85",70
7/7/2025,04,"1,642.34",71
7/7/2025,05,"1,667.30",73
7/7/2025,06,"1,729.57",73
7/7/2025,07,"1,865.00",74
7/7/2025,08,"2,017.70",76
7/7/2025,09,"2,166.32",78
7/7/2025,10,"2,279.52",79
7/7/2025,11,"2,440.38",81
7/7/2025,12,"2,568.03",86
7/7/2025,13,"2,634.61",79
7/7/2025,14,"2,705.18",84
7/7/2025,15,"2,646.42",83
7/7/2025,16,"2,650.55",84
7/7/2025,17,"2,781.14",85
7/7/2025,18,"2,783.77",84
7/7/2025,19,"2,795.20",84
7/7/2025,20,"2,744.29",80
7/7/2025,21,"2,703.84",78
7/7/2025,22,"2,569.55",77
7/7/2025,23,"2,357.65",76
7/7/2025,24,"2,146.28",76
7/8/2025,01,"1,991.45",76
7/8/2025,02,"1,892.23",75
7/8/2025,03,"1,830.09",75
7/8/2025,04,"1,784.47",75
7/8/2025,05,"1,788.45",75
7/8/2025,06,"1,839.27",75
7/8/2025,07,"1,950.91",75
7/8/2025,08,"2,093.80",76
7/8/2025,09,"2,240.28",79
7/8/2025,10,"2,375.90",81
7/8/2025,11,"2,523.75",86
7/8/2025,12,"2,704.41",88
7/8/2025,13,"2,846.25",90
7/8/2025,14,"2,974.30",92
7/8/2025,15,"3,055.42",90
7/8/2025,16,"3,213.05",91
7/8/2025,17,"3,123.98",92
7/8/2025,18,"3,168.79",87
7/8/2025,19,"3,157.72",78
7/8/2025,20,"3,069.06",78
7/8/2025,21,"2,942.64",77
7/8/2025,22,"2,756.74",76
7/8/2025,23,"2,494.31",76
7/8/2025,24,"2,222.88",75
7/9/2025,01,"2,032.64",75
7/9/2025,02,"1,884.33",73
7/9/2025,03,"1,782.27",72
7/9/2025,04,"1,718.64",72
7/9/2025,05,"1,708.41",72
7/9/2025,06,"1,750.92",72
7/9/2025,07,"1,858.16",73
7/9/2025,08,"1,969.69",73
7/9/2025,09,"2,052.00",73
7/9/2025,10,"2,092.21",73
7/9/2025,11,"2,101.87",73
7/9/2025,12,"2,137.72",75
7/9/2025,13,"2,195.83",76
7/9/2025,14,"2,239.89",77
7/9/2025,15,"2,232.69",77
7/9/2025,16,"2,219.04",75
7/9/2025,17,"2,244.18",75
7/9/2025,18,"2,273.93",78
7/9/2025,19,"2,295.19",77
7/9/2025,20,"2,296.47",76
7/9/2025,21,"2,243.53",75
7/9/2025,22,"2,138.61",74
7/9/2025,23,"1,966.95",74
7/9/2025,24,"1,786.15",71
7/10/2025,01,"1,653.73",71
7/10/2025,02,"1,566.20",71
7/10/2025,03,"1,512.53",71
7/10/2025,04,"1,488.99",71
7/10/2025,05,"1,503.30",71
7/10/2025,06,"1,561.96",71
7/10/2025,07,"1,675.60",69
7/10/2025,08,"1,810.24",69
7/10/2025,09,"1,909.33",69
7/10/2025,10,"1,969.83",69
7/10/2025,11,"2,017.40",69
7/10/2025,12,"2,030.17",70
7/10/2025,13,"1,988.93",70
7/10/2025,14,"1,977.62",70
7/10/2025,15,"1,970.23",70
7/10/2025,16,"1,950.53",71
7/10/2025,17,"1,967.02",71
7/10/2025,18,"1,965.83",70
7/10/2025,19,"1,956.83",69
7/10/2025,20,"1,938.12",67
7/10/2025,21,"1,904.17",67
7/10/2025,22,"1,842.68",66
7/10/2025,23,"1,713.11",66
7/10/2025,24,"1,571.72",65
7/11/2025,01,"1,465.19",65
7/11/2025,02,"1,384.34",65
7/11/2025,03,"1,339.45",66
7/11/2025,04,"1,320.57",66
7/11/2025,05,"1,338.64",66
7/11/2025,06,"1,392.32",66
7/11/2025,07,"1,491.56",66
7/11/2025,08,"1,607.16",66
7/11/2025,09,"1,680.65",67
7/11/2025,10,"1,728.76",68
7/11/2025,11,"1,771.69",70
7/11/2025,12,"1,765.19",73
7/11/2025,13,"1,804.77",77
7/11/2025,14,"1,971.51",78
7/11/2025,15,"2,095.67",77
7/11/2025,16,"2,149.79",75
7/11/2025,17,"2,226.48",76
7/11/2025,18,"2,289.39",75
7/11/2025,19,"2,294.94",74
7/11/2025,20,"2,258.05",73
7/11/2025,21,"2,187.78",72
7/11/2025,22,"2,098.86",70
7/11/2025,23,"1,946.86",69
7/11/2025,24,"1,773.00",69
7/12/2025,01,"1,639.90",69
7/12/2025,02,"1,537.32",68
7/12/2025,03,"1,469.77",68
7/12/2025,04,"1,428.11",67
7/12/2025,05,"1,415.41",67
7/12/2025,06,"1,426.02",67
7/12/2025,07,"1,469.81",67
7/12/2025,08,"1,552.53",67
7/12/2025,09,"1,634.38",68
7/12/2025,10,"1,683.42",69
7/12/2025,11,"1,672.66",70
7/12/2025,12,"1,727.12",74
7/12/2025,13,"1,855.12",75
7/12/2025,14,"1,988.23",77
7/12/2025,15,"2,082.31",77
7/12/2025,16,"2,156.19",77
7/12/2025,17,"2,262.89",76
7/12/2025,18,"2,349.61",74
7/12/2025,19,"2,363.60",72
7/12/2025,20,"2,273.71",73
7/12/2025,21,"2,190.23",70
7/12/2025,22,"2,082.34",68
7/12/2025,23,"1,925.52",67
7/12/2025,24,"1,753.42",67
7/13/2025,01,"1,606.95",66
7/13/2025,02,"1,504.67",66
7/13/2025,03,"1,437.64",66
7/13/2025,04,"1,397.42",67
7/13/2025,05,"1,383.58",68
7/13/2025,06,"1,381.65",68
7/13/2025,07,"1,399.50",68
7/13/2025,08,"1,451.18",69
7/13/2025,09,"1,547.38",70
7/13/2025,10,"1,644.01",71
7/13/2025,11,"1,720.54",74
7/13/2025,12,"1,820.43",75
7/13/2025,13,"1,905.38",78
7/13/2025,14,"1,992.81",78
7/13/2025,15,"2,093.95",79
7/13/2025,16,"2,202.66",80
7/13/2025,17,"2,338.86",79
7/13/2025,18,"2,461.07",77
7/13/2025,19,"2,482.62",76
7/13/2025,20,"2,416.24",75
7/13/2025,21,"2,318.69",73
7/13/2025,22,"2,189.44",70
7/13/2025,23,"1,990.84",69
7/13/2025,24,"1,782.91",68
7/14/2025,01,"1,628.36",68
7/14/2025,02,"1,525.48",68
7/14/2025,03,"1,469.73",68
7/14/2025,04,"1,446.92",69
7/14/2025,05,"1,471.55",69
7/14/2025,06,"1,541.39",69
7/14/2025,07,"1,648.77",69
7/14/2025,08,"1,769.64",69
7/14/2025,09,"1,859.65",71
7/14/2025,10,"1,947.99",72
7/14/2025,11,"2,019.89",73
7/14/2025,12,"2,113.29",75
7/14/2025,13,"2,163.40",77
7/14/2025,14,"2,234.86",77
7/14/2025,15,"2,297.15",77
7/14/2025,16,"2,355.62",78
7/14/2025,17,"2,443.73",77
7/14/2025,18,"2,558.37",77
7/14/2025,19,"2,585.50",76
7/14/2025,20,"2,513.89",76
7/14/2025,21,"2,455.95",75
7/14/2025,22,"2,345.61",75
7/14/2025,23,"2,162.86",74
7/14/2025,24,"1,975.57",74
7/15/2025,01,"1,834.75",75
7/15/2025,02,"1,743.33",74
7/15/2025,03,"1,690.76",74
7/15/2025,04,"1,664.21",74
7/15/2025,05,"1,686.23",74
7/15/2025,06,"1,754.22",74
7/15/2025,07,"1,868.91",74
7/15/2025,08,"2,001.88",74
7/15/2025,09,"2,099.91",76
7/15/2025,10,"2,165.19",79
7/15/2025,11,"2,250.05",82
7/15/2025,12,"2,378.69",83
7/15/2025,13,"2,515.72",85
7/15/2025,14,"2,673.54",86
7/15/2025,15,"2,782.58",85
7/15/2025,16,"2,897.00",85
7/15/2025,17,"2,996.05",87
7/15/2025,18,"3,043.47",86
7/15/2025,19,"3,056.95",84
7/15/2025,20,"2,990.65",83
7/15/2025,21,"2,877.51",79
7/15/2025,22,"2,713.32",77
7/15/2025,23,"2,461.94",76
7/15/2025,24,"2,221.45",74
7/16/2025,01,"2,040.98",74
7/16/2025,02,"1,914.21",73
7/16/2025,03,"1,829.38",73
7/16/2025,04,"1,778.06",73
7/16/2025,05,"1,772.22",72
7/16/2025,06,"1,824.24",72
7/16/2025,07,"1,957.54",72
7/16/2025,08,"2,109.80",72
7/16/2025,09,"2,225.75",74
7/16/2025,10,"2,322.47",79
7/16/2025,11,"2,469.35",83
7/16/2025,12,"2,631.22",85
7/16/2025,13,"2,782.26",86
7/16/2025,14,"2,894.44",88
7/16/2025,15,"2,993.21",88
7/16/2025,16,"3,077.33",89
7/16/2025,17,"3,173.73",89
7/16/2025,18,"3,194.52",88
7/16/2025,19,"3,208.43",87
7/16/2025,20,"3,118.48",84
7/16/2025,21,"3,024.16",81
7/16/2025,22,"2,852.00",79
7/16/2025,23,"2,598.09",77
7/16/2025,24,"2,357.23",77
7/17/2025,01,"2,186.48",77
7/17/2025,02,"2,072.69",77
7/17/2025,03,"1,978.48",77
7/17/2025,04,"1,928.61",77
7/17/2025,05,"1,940.34",78
7/17/2025,06,"2,004.36",78
7/17/2025,07,"2,141.21",78
7/17/2025,08,"2,298.19",78
7/17/2025,09,"2,409.77",81
7/17/2025,10,"2,522.80",81
7/17/2025,11,"2,577.51",83
7/17/2025,12,"2,640.81",86
7/17/2025,13,"2,829.04",86
7/17/2025,14,"2,957.68",82
7/17/2025,15,"2,911.64",83
7/17/2025,16,"2,913.13",86
7/17/2025,17,"2,908.50",86
7/17/2025,18,"2,979.44",87
7/17/2025,19,"3,027.43",86
7/17/2025,20,"2,997.37",85
7/17/2025,21,"2,948.78",83
7/17/2025,22,"2,823.74",82
7/17/2025,23,"2,627.73",83
7/17/2025,24,"2,427.01",82
7/18/2025,01,"2,245.41",80
7/18/2025,02,"2,066.74",82
7/18/2025,03,"1,922.26",80
7/18/2025,04,"1,825.64",77
7/18/2025,05,"1,788.40",76
7/18/2025,06,"1,793.20",75
7/18/2025,07,"1,876.53",74
7/18/2025,08,"1,986.45",74
7/18/2025,09,"2,063.24",76
7/18/2025,10,"2,128.05",75
7/18/2025,11,"2,166.01",78
7/18/2025,12,"2,167.50",77
7/18/2025,13,"2,101.14",77
7/18/2025,14,"2,120.66",79
7/18/2025,15,"2,231.33",77
7/18/2025,16,"2,300.07",80
7/18/2025,17,"2,391.88",80
7/18/2025,18,"2,480.67",82
7/18/2025,19,"2,486.83",81
7/18/2025,20,"2,414.12",78
7/18/2025,21,"2,274.59",78
7/18/2025,22,"2,145.53",75
7/18/2025,23,"1,959.54",74
7/18/2025,24,"1,760.52",69
7/19/2025,01,"1,603.87",65
7/19/2025,02,"1,491.25",66
7/19/2025,03,"1,416.93",65
7/19/2025,04,"1,368.45",65
7/19/2025,05,"1,345.81",64
7/19/2025,06,"1,346.65",63
7/19/2025,07,"1,382.92",62
7/19/2025,08,"1,459.51",65
7/19/2025,09,"1,533.56",69
7/19/2025,10,"1,600.67",72
7/19/2025,11,"1,668.34",75
7/19/2025,12,"1,774.61",78
7/19/2025,13,"1,841.93",80
7/19/2025,14,"1,923.37",80
7/19/2025,15,"2,004.35",81
7/19/2025,16,"2,119.10",83
7/19/2025,17,"2,267.73",83
7/19/2025,18,"2,409.72",82
7/19/2025,19,"2,445.08",81
7/19/2025,20,"2,385.95",79
7/19/2025,21,"2,277.95",76
7/19/2025,22,"2,191.59",74
7/19/2025,23,"2,034.99",72
7/19/2025,24,"1,861.40",71
7/20/2025,01,"1,718.97",70
7/20/2025,02,"1,626.42",70
7/20/2025,03,"1,567.56",71
7/20/2025,04,"1,530.40",71
7/20/2025,05,"1,516.65",72
7/20/2025,06,"1,516.46",72
7/20/2025,07,"1,537.58",72
7/20/2025,08,"1,617.76",71
7/20/2025,09,"1,723.08",71
7/20/2025,10,"1,810.21",72
7/20/2025,11,"1,863.50",74
7/20/2025,12,"1,967.80",74
7/20/2025,13,"2,074.77",77
7/20/2025,14,"2,168.10",78
7/20/2025,15,"2,207.22",79
7/20/2025,16,"2,303.92",78
7/20/2025,17,"2,493.93",80
7/20/2025,18,"2,660.47",80
7/20/2025,19,"2,652.91",79
7/20/2025,20,"2,568.92",77
7/20/2025,21,"2,474.47",77
7/20/2025,22,"2,345.98",76
7/20/2025,23,"2,146.97",75
7/20/2025,24,"1,937.51",75
7/21/2025,01,"1,765.90",74
7/21/2025,02,"1,639.34",73
7/21/2025,03,"1,551.89",70
7/21/2025,04,"1,499.04",69
7/21/2025,05,"1,487.89",68
7/21/2025,06,"1,520.74",67
7/21/2025,07,"1,613.53",67
7/21/2025,08,"1,721.85",69
7/21/2025,09,"1,779.74",72
7/21/2025,10,"1,802.20",74
7/21/2025,11,"1,829.32",77
7/21/2025,12,"1,841.24",78
7/21/2025,13,"1,943.80",79
7/21/2025,14,"2,010.08",80
7/21/2025,15,"2,046.39",81
7/21/2025,16,"2,076.63",78
7/21/2025,17,"2,177.69",81
7/21/2025,18,"2,280.81",80
7/21/2025,19,"2,303.98",79
7/21/2025,20,"2,212.39",77
7/21/2025,21,"2,113.73",75
7/21/2025,22,"1,979.73",70
7/21/2025,23,"1,784.07",70
7/21/2025,24,"1,587.62",67
7/22/2025,01,"1,442.37",66
7/22/2025,02,"1,353.25",63
7/22/2025,03,"1,291.76",62
7/22/2025,04,"1,262.53",61
7/22/2025,05,"1,268.14",61
7/22/2025,06,"1,317.91",60
7/22/2025,07,"1,401.00",57
7/22/2025,08,"1,485.98",62
7/22/2025,09,"1,504.69",65
7/22/2025,10,"1,486.11",69
7/22/2025,11,"1,465.09",70
7/22/2025,12,"1,472.16",73
7/22/2025,13,"1,527.91",74
7/22/2025,14,"1,599.67",76
7/22/2025,15,"1,711.80",76
7/22/2025,16,"1,854.20",77
7/22/2025,17,"1,987.63",78
7/22/2025,18,"2,070.74",77
7/22/2025,19,"2,102.44",76
7/22/2025,20,"2,078.19",74
7/22/2025,21,"2,012.33",71
7/22/2025,22,"1,912.50",68
7/22/2025,23,"1,748.31",66
7/22/2025,24,"1,562.50",65
7/23/2025,01,"1,432.17",65
7/23/2025,02,"1,354.36",63
7/23/2025,03,"1,305.80",63
7/23/2025,04,"1,280.67",63
7/23/2025,05,"1,294.75",61
7/23/2025,06,"1,343.70",59
7/23/2025,07,"1,436.14",59
7/23/2025,08,"1,542.85",63
7/23/2025,09,"1,592.48",69
7/23/2025,10,"1,624.27",71
7/23/2025,11,"1,651.13",74
7/23/2025,12,"1,725.35",77
7/23/2025,13,"1,799.53",78
7/23/2025,14,"1,883.38",80
7/23/2025,15,"1,969.72",81
7/23/2025,16,"2,095.17",80
7/23/2025,17,"2,224.11",80
7/23/2025,18,"2,337.60",79
7/23/2025,19,"2,362.93",78
7/23/2025,20,"2,292.21",76
7/23/2025,21,"2,210.09",73
7/23/2025,22,"2,102.99",71
7/23/2025,23,"1,921.68",69
7/23/2025,24,"1,733.62",69
7/24/2025,01,"1,593.73",67
7/24/2025,02,"1,492.54",66
7/24/2025,03,"1,432.36",65
7/24/2025,04,"1,400.80",65
7/24/2025,05,"1,410.14",65
7/24/2025,06,"1,459.74",67
7/24/2025,07,"1,579.14",67
7/24/2025,08,"1,711.37",69
7/24/2025,09,"1,797.09",73
7/24/2025,10,"1,830.15",76
7/24/2025,11,"1,882.73",79
7/24/2025,12,"1,978.13",81
7/24/2025,13,"2,087.95",84
7/24/2025,14,"2,230.67",84
7/24/2025,15,"2,367.31",86
7/24/2025,16,"2,500.24",85
7/24/2025,17,"2,623.91",84
7/24/2025,18,"2,650.81",82
7/24/2025,19,"2,642.89",81
7/24/2025,20,"2,561.43",78
7/24/2025,21,"2,472.41",75
7/24/2025,22,"2,344.19",73
7/24/2025,23,"2,145.75",72
7/24/2025,24,"1,948.99",72
7/25/2025,01,"1,804.30",72
7/25/2025,02,"1,702.53",71
7/25/2025,03,"1,636.34",71
7/25/2025,04,"1,614.25",72
7/25/2025,05,"1,637.19",72
7/25/2025,06,"1,693.46",72
7/25/2025,07,"1,804.14",72
7/25/2025,08,"1,962.64",74
7/25/2025,09,"2,108.77",78
7/25/2025,10,"2,239.03",81
7/25/2025,11,"2,381.35",85
7/25/2025,12,"2,558.88",89
7/25/2025,13,"2,703.74",92
7/25/2025,14,"2,888.73",91
7/25/2025,15,"3,065.89",96
7/25/2025,16,"3,050.90",93
7/25/2025,17,"3,016.10",74
7/25/2025,18,"2,835.13",76
7/25/2025,19,"2,798.35",81
7/25/2025,20,"2,765.02",81
7/25/2025,21,"2,716.12",80
7/25/2025,22,"2,596.97",78
7/25/2025,23,"2,392.69",78
7/25/2025,24,"2,164.86",78
7/26/2025,01,"1,976.13",78
7/26/2025,02,"1,823.51",77
7/26/2025,03,"1,705.60",75
7/26/2025,04,"1,618.90",74
7/26/2025,05,"1,562.59",72
7/26/2025,06,"1,533.05",71
7/26/2025,07,"1,530.86",70
7/26/2025,08,"1,577.89",70
7/26/2025,09,"1,637.94",72
7/26/2025,10,"1,683.92",74
7/26/2025,11,"1,693.05",76
7/26/2025,12,"1,722.32",77
7/26/2025,13,"1,760.94",78
7/26/2025,14,"1,827.27",80
7/26/2025,15,"1,933.39",80
7/26/2025,16,"2,067.24",80
7/26/2025,17,"2,137.97",80
7/26/2025,18,"2,201.16",80
7/26/2025,19,"2,165.25",76
7/26/2025,20,"2,104.69",74
7/26/2025,21,"2,045.85",72
7/26/2025,22,"1,952.68",70
7/26/2025,23,"1,819.05",69
7/26/2025,24,"1,657.92",67
7/27/2025,01,"1,529.83",66
7/27/2025,02,"1,432.76",65
7/27/2025,03,"1,364.64",65
7/27/2025,04,"1,325.84",64
7/27/2025,05,"1,313.69",64
7/27/2025,06,"1,299.43",63
7/27/2025,07,"1,310.74",64
7/27/2025,08,"1,389.06",65
7/27/2025,09,"1,494.87",67
7/27/2025,10,"1,580.01",69
7/27/2025,11,"1,685.22",70
7/27/2025,12,"1,754.51",70
7/27/2025,13,"1,803.20",72
7/27/2025,14,"1,824.65",72
7/27/2025,15,"1,814.73",74
7/27/2025,16,"1,799.56",73
7/27/2025,17,"1,853.62",75
7/27/2025,18,"1,961.59",75
7/27/2025,19,"2,014.18",74
7/27/2025,20,"2,034.44",75
7/27/2025,21,"2,049.22",74
7/27/2025,22,"2,004.79",74
7/27/2025,23,"1,888.79",74
7/27/2025,24,"1,741.90",74
7/28/2025,01,"1,630.62",74
7/28/2025,02,"1,551.72",73
7/28/2025,03,"1,497.94",72
7/28/2025,04,"1,477.90",70
7/28/2025,05,"1,494.61",70
7/28/2025,06,"1,561.04",71
7/28/2025,07,"1,670.30",70
7/28/2025,08,"1,823.05",72
7/28/2025,09,"1,935.85",76
7/28/2025,10,"1,973.49",78
7/28/2025,11,"2,063.96",81
7/28/2025,12,"2,185.86",83
7/28/2025,13,"2,331.48",85
7/28/2025,14,"2,482.83",86
7/28/2025,15,"2,609.88",87
7/28/2025,16,"2,769.81",89
7/28/2025,17,"2,916.22",88
7/28/2025,18,"2,985.68",85
7/28/2025,19,"2,998.99",82
7/28/2025,20,"2,882.86",80
7/28/2025,21,"2,787.48",78
7/28/2025,22,"2,612.65",77
7/28/2025,23,"2,360.23",76
7/28/2025,24,"2,126.63",74
7/29/2025,01,"1,950.13",74
7/29/2025,02,"1,817.55",72
7/29/2025,03,"1,735.68",71
7/29/2025,04,"1,689.54",71
7/29/2025,05,"1,704.32",71
7/29/2025,06,"1,781.53",71
7/29/2025,07,"1,885.92",72
7/29/2025,08,"2,042.37",73
7/29/2025,09,"2,192.80",77
7/29/2025,10,"2,357.05",82
7/29/2025,11,"2,514.33",87
7/29/2025,12,"2,684.18",90
7/29/2025,13,"2,843.57",92
7/29/2025,14,"2,983.44",93
7/29/2025,15,"3,108.47",95
7/29/2025,16,"3,238.01",96
7/29/2025,17,"3,374.33",96
7/29/2025,18,"3,420.24",96
7/29/2025,19,"3,417.65",95
7/29/2025,20,"3,304.33",93
7/29/2025,21,"3,181.53",88
7/29/2025,22,"2,965.38",85
7/29/2025,23,"2,678.02",84
7/29/2025,24,"2,414.23",82
7/30/2025,01,"2,203.16",81
7/30/2025,02,"2,052.52",80
7/30/2025,03,"1,946.52",78
7/30/2025,04,"1,869.54",77
7/30/2025,05,"1,842.54",75
7/30/2025,06,"1,864.90",76
7/30/2025,07,"1,953.29",75
7/30/2025,08,"2,110.59",77
7/30/2025,09,"2,219.46",80
7/30/2025,10,"2,319.63",82
7/30/2025,11,"2,464.84",85
7/30/2025,12,"2,597.44",86
7/30/2025,13,"2,732.87",88
7/30/2025,14,"2,877.74",90
7/30/2025,15,"3,028.45",90
7/30/2025,16,"3,183.87",90
7/30/2025,17,"3,325.60",92
7/30/2025,18,"3,312.87",93
7/30/2025,19,"3,314.09",91
7/30/2025,20,"3,223.89",89
7/30/2025,21,"3,132.25",86
7/30/2025,22,"2,944.61",84
7/30/2025,23,"2,688.29",83
7/30/2025,24,"2,447.53",81
7/31/2025,01,"2,268.75",81
7/31/2025,02,"2,130.51",81
7/31/2025,03,"2,014.96",80
7/31/2025,04,"1,938.23",79
7/31/2025,05,"1,916.28",77
7/31/2025,06,"1,945.41",76
7/31/2025,07,"2,021.89",75
7/31/2025,08,"2,116.81",77
7/31/2025,09,"2,200.15",78
7/31/2025,10,"2,199.50",79
7/31/2025,11,"2,264.97",80
7/31/2025,12,"2,281.85",81
7/31/2025,13,"2,244.15",80
7/31/2025,14,"2,292.88",80
7/31/2025,15,"2,277.57",78
7/31/2025,16,"2,202.87",75
7/31/2025,17,"2,186.16",74
7/31/2025,18,"2,166.76",73
7/31/2025,19,"2,115.77",71
7/31/2025,20,"2,067.49",69
7/31/2025,21,"2,003.93",67
7/31/2025,22,"1,897.72",64
7/31/2025,23,"1,744.88",63
7/31/2025,24,"1,593.73",63
8/1/2025,01,"1,480.52",61
8/1/2025,02,"1,399.22",62
8/1/2025,03,"1,352.47",62
8/1/2025,04,"1,322.24",62
8/1/2025,05,"1,329.64",62
8/1/2025,06,"1,384.06",61
8/1/2025,07,"1,481.06",61
8/1/2025,08,"1,594.53",61
8/1/2025,09,"1,682.79",61
8/1/2025,10,"1,716.41",62
8/1/2025,11,"1,677.39",64
8/1/2025,12,"1,623.74",64
8/1/2025,13,"1,591.89",68
8/1/2025,14,"1,545.90",69
8/1/2025,15,"1,557.38",72
8/1/2025,16,"1,624.25",74
8/1/2025,17,"1,736.06",74
8/1/2025,18,"1,821.90",74
8/1/2025,19,"1,870.81",73
8/1/2025,20,"1,819.92",70
8/1/2025,21,"1,780.98",67
8/1/2025,22,"1,697.24",65
8/1/2025,23,"1,570.28",65
8/1/2025,24,"1,431.76",61
8/2/2025,01,"1,322.40",59
8/2/2025,02,"1,253.20",58
8/2/2025,03,"1,201.74",58
8/2/2025,04,"1,172.29",57
8/2/2025,05,"1,173.35",56
8/2/2025,06,"1,187.01",57
8/2/2025,07,"1,218.98",57
8/2/2025,08,"1,258.21",59
8/2/2025,09,"1,285.87",64
8/2/2025,10,"1,288.44",68
8/2/2025,11,"1,281.52",72
8/2/2025,12,"1,294.60",73
8/2/2025,13,"1,334.69",75
8/2/2025,14,"1,402.40",75
8/2/2025,15,"1,508.28",77
8/2/2025,16,"1,634.24",78
8/2/2025,17,"1,752.81",78
8/2/2025,18,"1,870.76",77
8/2/2025,19,"1,928.10",73
8/2/2025,20,"1,886.76",73
8/2/2025,21,"1,839.88",70
8/2/2025,22,"1,756.58",67
8/2/2025,23,"1,627.20",66
8/2/2025,24,"1,485.59",64
8/3/2025,01,"1,368.16",63
8/3/2025,02,"1,286.29",61
8/3/2025,03,"1,234.21",60
8/3/2025,04,"1,199.77",60
8/3/2025,05,"1,189.47",60
8/3/2025,06,"1,195.99",59
8/3/2025,07,"1,196.58",58
8/3/2025,08,"1,240.16",60
8/3/2025,09,"1,281.27",64
8/3/2025,10,"1,324.17",70
8/3/2025,11,"1,358.30",74
8/3/2025,12,"1,417.14",76
8/3/2025,13,"1,491.96",77
8/3/2025,14,"1,584.50",79
8/3/2025,15,"1,702.87",79
8/3/2025,16,"1,842.77",79
8/3/2025,17,"2,003.49",78
8/3/2025,18,"2,130.11",76
8/3/2025,19,"2,136.75",75
8/3/2025,20,"2,054.65",73
8/3/2025,21,"1,995.76",70
8/3/2025,22,"1,866.97",68
8/3/2025,23,"1,701.61",67
8/3/2025,24,"1,533.89",64
8/4/2025,01,"1,412.06",63
8/4/2025,02,"1,327.59",63
8/4/2025,03,"1,276.84",61
8/4/2025,04,"1,254.15",61
8/4/2025,05,"1,273.25",60
8/4/2025,06,"1,337.54",59
8/4/2025,07,"1,426.06",58
8/4/2025,08,"1,524.67",61
8/4/2025,09,"1,589.35",66
8/4/2025,10,"1,624.20",71
8/4/2025,11,"1,684.64",75
8/4/2025,12,"1,770.69",78
8/4/2025,13,"1,887.01",81
8/4/2025,14,"2,018.09",83
8/4/2025,15,"2,144.80",84
8/4/2025,16,"2,278.06",85
8/4/2025,17,"2,399.11",85
8/4/2025,18,"2,493.42",81
8/4/2025,19,"2,490.94",81
8/4/2025,20,"2,412.14",79
8/4/2025,21,"2,340.47",76
8/4/2025,22,"2,178.58",73
8/4/2025,23,"1,971.65",72
8/4/2025,24,"1,771.68",70
8/5/2025,01,"1,617.01",69
8/5/2025,02,"1,511.12",68
8/5/2025,03,"1,441.65",67
8/5/2025,04,"1,405.90",66
8/5/2025,05,"1,412.73",66
8/5/2025,06,"1,468.45",65
8/5/2025,07,"1,554.07",67
8/5/2025,08,"1,658.16",67
8/5/2025,09,"1,711.97",69
8/5/2025,10,"1,752.44",71
8/5/2025,11,"1,801.55",75
8/5/2025,12,"1,888.73",77
8/5/2025,13,"1,898.55",79
8/5/2025,14,"1,977.68",78
8/5/2025,15,"1,982.60",79
8/5/2025,16,"2,033.07",79
8/5/2025,17,"2,124.33",80
8/5/2025,18,"2,164.17",78
8/5/2025,19,"2,148.67",76
8/5/2025,20,"2,108.65",74
8/5/2025,21,"2,066.69",72
8/5/2025,22,"1,946.31",69
8/5/2025,23,"1,771.81",67
8/5/2025,24,"1,602.25",65
8/6/2025,01,"1,474.61",65
8/6/2025,02,"1,389.89",64
8/6/2025,03,"1,338.97",65
8/6/2025,04,"1,312.19",64
8/6/2025,05,"1,330.65",63
8/6/2025,06,"1,388.43",64
8/6/2025,07,"1,468.36",62
8/6/2025,08,"1,557.97",63
8/6/2025,09,"1,608.94",67
8/6/2025,10,"1,642.75",70
8/6/2025,11,"1,659.21",73
8/6/2025,12,"1,713.00",75
8/6/2025,13,"1,732.46",75
8/6/2025,14,"1,848.91",79
8/6/2025,15,"1,927.03",78
8/6/2025,16,"1,968.77",78
8/6/2025,17,"2,011.10",77
8/6/2025,18,"2,024.93",76
8/6/2025,19,"2,011.25",74
8/6/2025,20,"1,993.70",73
8/6/2025,21,"1,982.49",70
8/6/2025,22,"1,888.79",69
8/6/2025,23,"1,735.10",67
8/6/2025,24,"1,572.93",65
8/7/2025,01,"1,463.80",66
8/7/2025,02,"1,386.78",65
8/7/2025,03,"1,337.84",65
8/7/2025,04,"1,317.38",65
8/7/2025,05,"1,332.00",65
8/7/2025,06,"1,397.62",64
8/7/2025,07,"1,487.70",63
8/7/2025,08,"1,579.95",65
8/7/2025,09,"1,618.92",68
8/7/2025,10,"1,637.86",71
8/7/2025,11,"1,645.61",74
8/7/2025,12,"1,660.80",77
8/7/2025,13,"1,693.83",78
8/7/2025,14,"1,780.40",79
8/7/2025,15,"1,881.75",80
8/7/2025,16,"2,007.93",78
8/7/2025,17,"2,145.19",78
8/7/2025,18,"2,248.56",77
8/7/2025,19,"2,266.83",76
8/7/2025,20,"2,171.27",74
8/7/2025,21,"2,086.61",70
8/7/2025,22,"1,962.29",67
8/7/2025,23,"1,777.42",66
8/7/2025,24,"1,587.51",64
8/8/2025,01,"1,447.55",63
8/8/2025,02,"1,350.46",62
8/8/2025,03,"1,292.01",60
8/8/2025,04,"1,256.09",59
8/8/2025,05,"1,261.66",58
8/8/2025,06,"1,312.80",56
8/8/2025,07,"1,394.74",56
8/8/2025,08,"1,486.24",58
8/8/2025,09,"1,543.11",64
8/8/2025,10,"1,559.93",69
8/8/2025,11,"1,566.97",73
8/8/2025,12,"1,599.36",76
8/8/2025,13,"1,654.84",77
8/8/2025,14,"1,750.16",78
8/8/2025,15,"1,859.43",79
8/8/2025,16,"1,990.14",78
8/8/2025,17,"2,131.30",78
8/8/2025,18,"2,236.05",77
8/8/2025,19,"2,217.90",75
8/8/2025,20,"2,112.48",73
8/8/2025,21,"2,010.39",70
8/8/2025,22,"1,881.85",67
8/8/2025,23,"1,719.00",66
8/8/2025,24,"1,544.43",64
8/9/2025,01,"1,411.56",62
8/9/2025,02,"1,314.92",61
8/9/2025,03,"1,251.84",59
8/9/2025,04,"1,218.10",58
8/9/2025,05,"1,207.99",58
8/9/2025,06,"1,222.46",56
8/9/2025,07,"1,251.70",57
8/9/2025,08,"1,301.84",58
8/9/2025,09,"1,351.12",63
8/9/2025,10,"1,380.01",68
8/9/2025,11,"1,395.92",72
8/9/2025,12,"1,442.93",73
8/9/2025,13,"1,503.94",76
8/9/2025,14,"1,601.22",77
8/9/2025,15,"1,721.46",79
8/9/2025,16,"1,868.64",78
8/9/2025,17,"2,021.58",77
8/9/2025,18,"2,145.00",76
8/9/2025,19,"2,151.55",74
8/9/2025,20,"2,082.91",73
8/9/2025,21,"2,015.26",70
8/9/2025,22,"1,900.78",68
8/9/2025,23,"1,758.98",67
8/9/2025,24,"1,605.09",66
8/10/2025,01,"1,478.10",64
8/10/2025,02,"1,387.09",64
8/10/2025,03,"1,320.24",64
8/10/2025,04,"1,283.01",63
8/10/2025,05,"1,271.47",62
8/10/2025,06,"1,278.68",62
8/10/2025,07,"1,293.74",62
8/10/2025,08,"1,349.84",64
8/10/2025,09,"1,419.40",67
8/10/2025,10,"1,489.12",72
8/10/2025,11,"1,569.74",75
8/10/2025,12,"1,684.69",78
8/10/2025,13,"1,837.71",81
8/10/2025,14,"1,973.83",83
8/10/2025,15,"2,122.42",82
8/10/2025,16,"2,290.30",81
8/10/2025,17,"2,460.64",80
8/10/2025,18,"2,549.52",79
8/10/2025,19,"2,545.97",77
8/10/2025,20,"2,432.08",77
8/10/2025,21,"2,328.99",74
8/10/2025,22,"2,181.58",72
8/10/2025,23,"1,983.06",70
8/10/2025,24,"1,792.22",69
8/11/2025,01,"1,648.12",68
8/11/2025,02,"1,550.00",67
8/11/2025,03,"1,484.16",66
8/11/2025,04,"1,450.67",66
8/11/2025,05,"1,480.29",65
8/11/2025,06,"1,550.87",64
8/11/2025,07,"1,648.95",65
8/11/2025,08,"1,783.02",66
8/11/2025,09,"1,893.93",70
8/11/2025,10,"2,006.96",76
8/11/2025,11,"2,124.40",81
8/11/2025,12,"2,263.40",84
8/11/2025,13,"2,426.08",89
8/11/2025,14,"2,603.59",90
8/11/2025,15,"2,737.31",88
8/11/2025,16,"2,864.78",88
8/11/2025,17,"2,989.23",88
8/11/2025,18,"3,079.17",89
8/11/2025,19,"3,057.18",88
8/11/2025,20,"2,927.50",86
8/11/2025,21,"2,798.13",82
8/11/2025,22,"2,573.80",79
8/11/2025,23,"2,310.17",78
8/11/2025,24,"2,070.00",77
8/12/2025,01,"1,887.71",75
8/12/2025,02,"1,758.80",74
8/12/2025,03,"1,662.44",73
8/12/2025,04,"1,606.99",72
8/12/2025,05,"1,591.93",71
8/12/2025,06,"1,636.11",70
8/12/2025,07,"1,729.10",69
8/12/2025,08,"1,855.76",70
8/12/2025,09,"1,966.32",74
8/12/2025,10,"2,067.83",77
8/12/2025,11,"2,211.54",81
8/12/2025,12,"2,343.08",84
8/12/2025,13,"2,479.24",85
8/12/2025,14,"2,625.42",87
8/12/2025,15,"2,751.86",86
8/12/2025,16,"2,885.93",87
8/12/2025,17,"2,987.64",87
8/12/2025,18,"3,001.38",85
8/12/2025,19,"2,946.62",84
8/12/2025,20,"2,817.98",81
8/12/2025,21,"2,707.94",77
8/12/2025,22,"2,493.22",74
8/12/2025,23,"2,248.27",72
8/12/2025,24,"2,020.10",70
8/13/2025,01,"1,861.67",69
8/13/2025,02,"1,737.84",68
8/13/2025,03,"1,663.20",68
8/13/2025,04,"1,630.86",67
8/13/2025,05,"1,637.30",69
8/13/2025,06,"1,701.53",69
8/13/2025,07,"1,807.84",70
8/13/2025,08,"1,932.95",70
8/13/2025,09,"2,033.04",72
8/13/2025,10,"2,108.97",73
8/13/2025,11,"2,177.20",75
8/13/2025,12,"2,261.91",77
8/13/2025,13,"2,335.44",79
8/13/2025,14,"2,455.01",80
8/13/2025,15,"2,576.68",83
8/13/2025,16,"2,702.64",87
8/13/2025,17,"2,828.70",84
8/13/2025,18,"2,814.89",85
8/13/2025,19,"2,765.90",82
8/13/2025,20,"2,722.95",80
8/13/2025,21,"2,676.09",79
8/13/2025,22,"2,512.16",77
8/13/2025,23,"2,322.65",76
8/13/2025,24,"2,130.97",75
8/14/2025,01,"1,996.80",74
8/14/2025,02,"1,870.40",74
8/14/2025,03,"1,784.46",74
8/14/2025,04,"1,747.35",75
8/14/2025,05,"1,756.22",75
8/14/2025,06,"1,826.84",74
8/14/2025,07,"1,921.18",74
8/14/2025,08,"2,057.95",74
8/14/2025,09,"2,167.70",75
8/14/2025,10,"2,281.97",76
8/14/2025,11,"2,351.43",80
8/14/2025,12,"2,487.16",82
8/14/2025,13,"2,590.06",81
8/14/2025,14,"2,711.32",85
8/14/2025,15,"2,819.47",84
8/14/2025,16,"2,877.84",83
8/14/2025,17,"2,968.20",85
8/14/2025,18,"3,020.11",85
8/14/2025,19,"2,980.43",83
8/14/2025,20,"2,825.94",81
8/14/2025,21,"2,646.08",79
8/14/2025,22,"2,459.38",72
8/14/2025,23,"2,244.00",70
8/14/2025,24,"2,022.31",69
8/15/2025,01,"1,858.58",70
8/15/2025,02,"1,738.81",70
8/15/2025,03,"1,652.64",71
8/15/2025,04,"1,605.90",71
8/15/2025,05,"1,591.96",71
8/15/2025,06,"1,628.29",70
8/15/2025,07,"1,693.57",69
8/15/2025,08,"1,797.89",70
8/15/2025,09,"1,871.12",73
8/15/2025,10,"1,932.04",75
8/15/2025,11,"1,975.23",76
8/15/2025,12,"1,961.36",78
8/15/2025,13,"1,972.20",80
8/15/2025,14,"2,046.41",81
8/15/2025,15,"2,137.93",82
8/15/2025,16,"2,236.74",83
8/15/2025,17,"2,340.97",82
8/15/2025,18,"2,374.18",82
8/15/2025,19,"2,324.25",79
8/15/2025,20,"2,224.19",77
8/15/2025,21,"2,128.62",73
8/15/2025,22,"1,995.25",71
8/15/2025,23,"1,825.10",69
8/15/2025,24,"1,655.00",66
8/16/2025,01,"1,517.81",66
8/16/2025,02,"1,417.59",65
8/16/2025,03,"1,350.36",65
8/16/2025,04,"1,312.94",65
8/16/2025,05,"1,302.66",63
8/16/2025,06,"1,313.34",65
8/16/2025,07,"1,343.61",64
8/16/2025,08,"1,404.91",64
8/16/2025,09,"1,477.05",67
8/16/2025,10,"1,529.21",71
8/16/2025,11,"1,593.04",75
8/16/2025,12,"1,662.84",76
8/16/2025,13,"1,756.82",79
8/16/2025,14,"1,878.11",80
8/16/2025,15,"2,007.92",79
8/16/2025,16,"2,147.08",79
8/16/2025,17,"2,292.32",79
8/16/2025,18,"2,367.73",78
8/16/2025,19,"2,344.01",75
8/16/2025,20,"2,250.35",74
8/16/2025,21,"2,165.32",72
8/16/2025,22,"2,043.33",71
8/16/2025,23,"1,895.87",70
8/16/2025,24,"1,737.24",69
8/17/2025,01,"1,613.38",68
8/17/2025,02,"1,524.05",68
8/17/2025,03,"1,455.65",67
8/17/2025,04,"1,417.68",67
8/17/2025,05,"1,406.47",68
8/17/2025,06,"1,417.03",69
8/17/2025,07,"1,446.42",69
8/17/2025,08,"1,522.31",70
8/17/2025,09,"1,636.52",72
8/17/2025,10,"1,744.97",75
8/17/2025,11,"1,820.85",77
8/17/2025,12,"1,938.31",83
8/17/2025,13,"2,116.78",85
8/17/2025,14,"2,298.69",87
8/17/2025,15,"2,456.48",89
8/17/2025,16,"2,584.06",85
8/17/2025,17,"2,659.90",83
8/17/2025,18,"2,692.99",83
8/17/2025,19,"2,630.99",81
8/17/2025,20,"2,579.53",79
8/17/2025,21,"2,512.22",77
8/17/2025,22,"2,335.79",77
8/17/2025,23,"2,089.82",76
8/17/2025,24,"1,871.87",71
8/18/2025,01,"1,711.93",68
8/18/2025,02,"1,601.19",68
8/18/2025,03,"1,509.51",68
8/18/2025,04,"1,451.83",67
8/18/2025,05,"1,438.44",65
8/18/2025,06,"1,482.76",64
8/18/2025,07,"1,544.14",64
8/18/2025,08,"1,597.73",63
8/18/2025,09,"1,626.66",63
8/18/2025,10,"1,537.12",64
8/18/2025,11,"1,456.98",66
8/18/2025,12,"1,423.37",68
8/18/2025,13,"1,431.87",69
8/18/2025,14,"1,474.51",71
8/18/2025,15,"1,540.97",72
8/18/2025,16,"1,640.88",73
8/18/2025,17,"1,743.12",72
8/18/2025,18,"1,872.58",72
8/18/2025,19,"1,906.76",71
8/18/2025,20,"1,864.15",69
8/18/2025,21,"1,808.32",65
8/18/2025,22,"1,682.60",63
8/18/2025,23,"1,530.05",61
8/18/2025,24,"1,384.62",60
8/19/2025,01,"1,289.05",60
8/19/2025,02,"1,221.83",59
8/19/2025,03,"1,184.32",56
8/19/2025,04,"1,168.14",56
8/19/2025,05,"1,187.55",55
8/19/2025,06,"1,258.99",54
8/19/2025,07,"1,341.84",53
8/19/2025,08,"1,420.98",55
8/19/2025,09,"1,443.90",58
8/19/2025,10,"1,442.36",64
8/19/2025,11,"1,418.11",67
8/19/2025,12,"1,493.91",69
8/19/2025,13,"1,472.12",69
8/19/2025,14,"1,453.11",72
8/19/2025,15,"1,505.18",72
8/19/2025,16,"1,574.32",74
8/19/2025,17,"1,709.98",74
8/19/2025,18,"1,821.27",73
8/19/2025,19,"1,864.91",71
8/19/2025,20,"1,825.06",68
8/19/2025,21,"1,791.06",66
8/19/2025,22,"1,676.10",65
8/19/2025,23,"1,535.92",64
8/19/2025,24,"1,397.33",63
8/20/2025,01,"1,298.81",62
8/20/2025,02,"1,238.11",61
8/20/2025,03,"1,202.03",62
8/20/2025,04,"1,195.24",62
8/20/2025,05,"1,216.03",61
8/20/2025,06,"1,286.96",60
8/20/2025,07,"1,381.99",60
8/20/2025,08,"1,462.89",61
8/20/2025,09,"1,575.08",61
8/20/2025,10,"1,641.88",62
8/20/2025,11,"1,631.91",65
8/20/2025,12,"1,648.95",68
8/20/2025,13,"1,612.99",67
8/20/2025,14,"1,656.42",66
8/20/2025,15,"1,682.27",62
8/20/2025,16,"1,696.98",61
8/20/2025,17,"1,702.96",57
8/20/2025,18,"1,746.66",57
8/20/2025,19,"1,730.93",57
8/20/2025,20,"1,709.37",57
8/20/2025,21,"1,659.00",57
8/20/2025,22,"1,561.46",56
8/20/2025,23,"1,437.58",55
8/20/2025,24,"1,322.25",54
8/21/2025,01,"1,242.15",54
8/21/2025,02,"1,193.87",55
8/21/2025,03,"1,163.87",56
8/21/2025,04,"1,157.34",57
8/21/2025,05,"1,176.75",58
8/21/2025,06,"1,248.30",58
8/21/2025,07,"1,354.57",59
8/21/2025,08,"1,451.34",59
8/21/2025,09,"1,454.10",60
8/21/2025,10,"1,474.79",64
8/21/2025,11,"1,568.77",66
8/21/2025,12,"1,614.41",67
8/21/2025,13,"1,642.74",67
8/21/2025,14,"1,638.67",68
8/21/2025,15,"1,604.21",67
8/21/2025,16,"1,595.72",67
8/21/2025,17,"1,608.40",67
8/21/2025,18,"1,650.76",66
8/21/2025,19,"1,682.16",66
8/21/2025,20,"1,696.52",65
8/21/2025,21,"1,688.49",63
8/21/2025,22,"1,601.22",62
8/21/2025,23,"1,479.42",61
8/21/2025,24,"1,358.38",60
8/22/2025,01,"1,266.08",59
8/22/2025,02,"1,203.73",59
8/22/2025,03,"1,171.04",59
8/22/2025,04,"1,157.01",59
8/22/2025,05,"1,178.02",59
8/22/2025,06,"1,243.07",59
8/22/2025,07,"1,332.99",58
8/22/2025,08,"1,403.49",57
8/22/2025,09,"1,400.69",62
8/22/2025,10,"1,374.04",67
8/22/2025,11,"1,355.85",72
8/22/2025,12,"1,357.17",76
8/22/2025,13,"1,378.38",78
8/22/2025,14,"1,441.26",80
8/22/2025,15,"1,525.95",81
8/22/2025,16,"1,646.20",82
8/22/2025,17,"1,788.20",83
8/22/2025,18,"1,909.17",82
8/22/2025,19,"1,932.22",81
8/22/2025,20,"1,873.53",73
8/22/2025,21,"1,821.81",69
8/22/2025,22,"1,716.62",66
8/22/2025,23,"1,587.12",65
8/22/2025,24,"1,444.45",63
8/23/2025,01,"1,338.21",63
8/23/2025,02,"1,260.54",62
8/23/2025,03,"1,215.44",62
8/23/2025,04,"1,192.72",62
8/23/2025,05,"1,196.39",61
8/23/2025,06,"1,223.95",61
8/23/2025,07,"1,264.78",60
8/23/2025,08,"1,325.46",62
8/23/2025,09,"1,376.82",67
8/23/2025,10,"1,411.74",73
8/23/2025,11,"1,448.54",75
8/23/2025,12,"1,512.87",78
8/23/2025,13,"1,588.87",79
8/23/2025,14,"1,694.94",80
8/23/2025,15,"1,792.04",84
8/23/2025,16,"1,866.06",83
8/23/2025,17,"1,989.73",82
8/23/2025,18,"2,062.70",80
8/23/2025,19,"2,058.32",78
8/23/2025,20,"1,974.50",75
8/23/2025,21,"1,916.53",71
8/23/2025,22,"1,800.79",68
8/23/2025,23,"1,673.06",66
8/23/2025,24,"1,541.88",66
8/24/2025,01,"1,433.22",65
8/24/2025,02,"1,351.47",63
8/24/2025,03,"1,294.87",63
8/24/2025,04,"1,261.03",63
8/24/2025,05,"1,247.57",62
8/24/2025,06,"1,253.71",62
8/24/2025,07,"1,272.93",59
8/24/2025,08,"1,321.27",61
8/24/2025,09,"1,392.68",67
8/24/2025,10,"1,472.39",70
8/24/2025,11,"1,529.81",72
8/24/2025,12,"1,607.75",75
8/24/2025,13,"1,656.24",77
8/24/2025,14,"1,695.18",77
8/24/2025,15,"1,783.31",77
8/24/2025,16,"1,906.41",77
8/24/2025,17,"2,029.41",76
8/24/2025,18,"2,068.59",74
8/24/2025,19,"2,065.77",74
8/24/2025,20,"2,070.98",72
8/24/2025,21,"2,035.22",71
8/24/2025,22,"1,920.79",69
8/24/2025,23,"1,769.67",68
8/24/2025,24,"1,623.53",69
8/25/2025,01,"1,514.48",68
8/25/2025,02,"1,436.60",68
8/25/2025,03,"1,386.37",67
8/25/2025,04,"1,366.36",69
8/25/2025,05,"1,388.97",67
8/25/2025,06,"1,468.54",65
8/25/2025,07,"1,581.84",66
8/25/2025,08,"1,692.87",66
8/25/2025,09,"1,779.25",67
8/25/2025,10,"1,795.23",72
8/25/2025,11,"1,774.47",74
8/25/2025,12,"1,834.93",76
8/25/2025,13,"1,932.99",78
8/25/2025,14,"2,046.37",79
8/25/2025,15,"2,151.18",79
8/25/2025,16,"2,264.60",78
8/25/2025,17,"2,397.51",81
8/25/2025,18,"2,478.78",82
8/25/2025,19,"2,472.55",79
8/25/2025,20,"2,384.32",76
8/25/2025,21,"2,295.18",74
8/25/2025,22,"2,150.39",71
8/25/2025,23,"1,950.13",71
8/25/2025,24,"1,759.83",69
8/26/2025,01,"1,611.22",69
8/26/2025,02,"1,499.52",68
8/26/2025,03,"1,421.28",67
8/26/2025,04,"1,372.91",66
8/26/2025,05,"1,365.99",63
8/26/2025,06,"1,411.75",62
8/26/2025,07,"1,494.32",60
8/26/2025,08,"1,568.50",62
8/26/2025,09,"1,575.91",66
8/26/2025,10,"1,558.53",69
8/26/2025,11,"1,548.09",71
8/26/2025,12,"1,565.57",73
8/26/2025,13,"1,606.90",75
8/26/2025,14,"1,685.05",77
8/26/2025,15,"1,786.26",77
8/26/2025,16,"1,897.70",77
8/26/2025,17,"2,003.35",78
8/26/2025,18,"2,108.56",78
8/26/2025,19,"2,114.44",76
8/26/2025,20,"2,053.44",74
8/26/2025,21,"1,970.43",71
8/26/2025,22,"1,829.21",68
8/26/2025,23,"1,650.48",65
8/26/2025,24,"1,492.78",64
8/27/2025,01,"1,378.62",62
8/27/2025,02,"1,300.59",61
8/27/2025,03,"1,251.82",59
8/27/2025,04,"1,226.27",58
8/27/2025,05,"1,241.06",58
8/27/2025,06,"1,309.37",56
8/27/2025,07,"1,411.48",56
8/27/2025,08,"1,497.36",58
8/27/2025,09,"1,504.28",61
8/27/2025,10,"1,472.39",68
8/27/2025,11,"1,460.36",70
8/27/2025,12,"1,499.40",73
8/27/2025,13,"1,611.90",73
8/27/2025,14,"1,655.08",76
8/27/2025,15,"1,647.99",68
8/27/2025,16,"1,738.98",74
8/27/2025,17,"1,836.25",75
8/27/2025,18,"1,917.03",75
8/27/2025,19,"1,917.18",72
8/27/2025,20,"1,903.43",70
8/27/2025,21,"1,844.79",67
8/27/2025,22,"1,715.23",64
8/27/2025,23,"1,552.99",61
8/27/2025,24,"1,401.98",60
8/28/2025,01,"1,291.86",59
8/28/2025,02,"1,219.88",58
8/28/2025,03,"1,180.31",57
8/28/2025,04,"1,165.57",55
8/28/2025,05,"1,185.47",54
8/28/2025,06,"1,257.55",53
8/28/2025,07,"1,361.69",52
8/28/2025,08,"1,423.88",54
8/28/2025,09,"1,420.52",59
8/28/2025,10,"1,392.19",66
8/28/2025,11,"1,364.69",69
8/28/2025,12,"1,379.75",72
8/28/2025,13,"1,394.62",73
8/28/2025,14,"1,443.59",74
8/28/2025,15,"1,515.52",76
8/28/2025,16,"1,668.84",76
8/28/2025,17,"1,753.12",74
8/28/2025,18,"1,834.95",72
8/28/2025,19,"1,851.75",71
8/28/2025,20,"1,860.96",70
8/28/2025,21,"1,822.12",68
8/28/2025,22,"1,718.50",66
8/28/2025,23,"1,578.25",64
8/28/2025,24,"1,443.65",62
8/29/2025,01,"1,346.89",63
8/29/2025,02,"1,281.36",63
8/29/2025,03,"1,242.54",63
8/29/2025,04,"1,229.70",62
8/29/2025,05,"1,253.24",64
8/29/2025,06,"1,324.83",61
8/29/2025,07,"1,425.08",63
8/29/2025,08,"1,524.59",62
8/29/2025,09,"1,590.53",63
8/29/2025,10,"1,600.15",68
8/29/2025,11,"1,604.89",71
8/29/2025,12,"1,629.91",63
8/29/2025,13,"1,565.19",67
8/29/2025,14,"1,613.75",65
8/29/2025,15,"1,667.26",63
8/29/2025,16,"1,734.02",70
8/29/2025,17,"1,806.35",71
8/29/2025,18,"1,830.84",64
8/29/2025,19,"1,828.30",66
8/29/2025,20,"1,796.24",64
8/29/2025,21,"1,744.87",64
8/29/2025,22,"1,655.37",64
8/29/2025,23,"1,533.22",63
8/29/2025,24,"1,412.87",62
8/30/2025,01,"1,317.64",62
8/30/2025,02,"1,246.35",60
8/30/2025,03,"1,196.61",58
8/30/2025,04,"1,166.93",58
8/30/2025,05,"1,161.00",56
8/30/2025,06,"1,181.15",57
8/30/2025,07,"1,211.86",56
8/30/2025,08,"1,246.65",56
8/30/2025,09,"1,258.38",58
8/30/2025,10,"1,243.67",62
8/30/2025,11,"1,214.16",66
8/30/2025,12,"1,207.89",68
8/30/2025,13,"1,236.32",69
8/30/2025,14,"1,292.82",71
8/30/2025,15,"1,341.70",72
8/30/2025,16,"1,446.57",72
8/30/2025,17,"1,591.02",74
8/30/2025,18,"1,708.14",73
8/30/2025,19,"1,737.05",72
8/30/2025,20,"1,717.18",70
8/30/2025,21,"1,671.99",66
8/30/2025,22,"1,581.74",64
8/30/2025,23,"1,467.25",62
8/30/2025,24,"1,348.28",60
8/31/2025,01,"1,251.67",60
8/31/2025,02,"1,181.57",60
8/31/2025,03,"1,136.28",59
8/31/2025,04,"1,110.17",59
8/31/2025,05,"1,107.47",56
8/31/2025,06,"1,121.07",52
8/31/2025,07,"1,146.86",53
8/31/2025,08,"1,174.59",53
8/31/2025,09,"1,191.99",62
8/31/2025,10,"1,179.69",65
8/31/2025,11,"1,153.56",68
8/31/2025,12,"1,155.07",70
8/31/2025,13,"1,177.43",72
8/31/2025,14,"1,214.84",74
8/31/2025,15,"1,285.62",74
8/31/2025,16,"1,396.53",75
8/31/2025,17,"1,544.20",74
8/31/2025,18,"1,687.09",73
8/31/2025,19,"1,726.12",71
8/31/2025,20,"1,692.46",69
8/31/2025,21,"1,642.09",66
8/31/2025,22,"1,546.26",63
8/31/2025,23,"1,434.17",63
8/31/2025,24,"1,315.08",61
9/1/2025,01,"1,222.88",60
9/1/2025,02,"1,160.47",58
9/1/2025,03,"1,121.97",58
9/1/2025,04,"1,106.83",57
9/1/2025,05,"1,113.97",56
9/1/2025,06,"1,146.88",56
9/1/2025,07,"1,167.70",56
9/1/2025,08,"1,201.54",58
9/1/2025,09,"1,235.80",60
9/1/2025,10,"1,296.93",62
9/1/2025,11,"1,342.94",65
9/1/2025,12,"1,333.74",70
9/1/2025,13,"1,464.06",71
9/1/2025,14,"1,530.51",73
9/1/2025,15,"1,539.07",74
9/1/2025,16,"1,593.19",74
9/1/2025,17,"1,657.83",73
9/1/2025,18,"1,749.02",72
9/1/2025,19,"1,769.70",71
9/1/2025,20,"1,783.56",69
9/1/2025,21,"1,727.32",67
9/1/2025,22,"1,611.67",64
9/1/2025,23,"1,472.95",62
9/1/2025,24,"1,342.92",62
9/2/2025,01,"1,250.91",60
9/2/2025,02,"1,189.97",58
9/2/2025,03,"1,159.02",57
9/2/2025,04,"1,150.33",55
9/2/2025,05,"1,178.46",58
9/2/2025,06,"1,267.21",58
9/2/2025,07,"1,391.24",59
9/2/2025,08,"1,473.51",58
9/2/2025,09,"1,484.00",62
9/2/2025,10,"1,447.64",62
9/2/2025,11,"1,413.60",66
9/2/2025,12,"1,415.56",69
9/2/2025,13,"1,452.89",72
9/2/2025,14,"1,517.60",74
9/2/2025,15,"1,595.58",75
9/2/2025,16,"1,715.50",75
9/2/2025,17,"1,830.67",75
9/2/2025,18,"1,923.51",73
9/2/2025,19,"1,953.21",71
9/2/2025,20,"1,926.65",68
9/2/2025,21,"1,845.41",66
9/2/2025,22,"1,705.23",63
9/2/2025,23,"1,540.61",62
9/2/2025,24,"1,394.98",61
9/3/2025,01,"1,288.54",60
9/3/2025,02,"1,224.17",58
9/3/2025,03,"1,186.94",58
9/3/2025,04,"1,168.35",56
9/3/2025,05,"1,188.38",55
9/3/2025,06,"1,268.59",55
9/3/2025,07,"1,380.74",55
9/3/2025,08,"1,444.90",54
9/3/2025,09,"1,440.36",59
9/3/2025,10,"1,401.30",63
9/3/2025,11,"1,365.61",67
9/3/2025,12,"1,376.17",70
9/3/2025,13,"1,403.62",71
9/3/2025,14,"1,480.90",74
9/3/2025,15,"1,560.26",73
9/3/2025,16,"1,669.45",74
9/3/2025,17,"1,798.62",73
9/3/2025,18,"1,922.53",73
9/3/2025,19,"1,954.73",71
9/3/2025,20,"1,918.33",68
9/3/2025,21,"1,841.61",63
9/3/2025,22,"1,699.56",61
9/3/2025,23,"1,530.82",61
9/3/2025,24,"1,385.02",60
9/4/2025,01,"1,284.15",58
9/4/2025,02,"1,218.52",56
9/4/2025,03,"1,181.06",57
9/4/2025,04,"1,164.44",54
9/4/2025,05,"1,181.99",53
9/4/2025,06,"1,267.28",55
9/4/2025,07,"1,396.27",53
9/4/2025,08,"1,455.33",53
9/4/2025,09,"1,458.16",60
9/4/2025,10,"1,443.39",66
9/4/2025,11,"1,407.43",69
9/4/2025,12,"1,414.58",72
9/4/2025,13,"1,448.10",73
9/4/2025,14,"1,509.55",74
9/4/2025,15,"1,596.47",74
9/4/2025,16,"1,718.21",74
9/4/2025,17,"1,835.31",72
9/4/2025,18,"1,927.68",74
9/4/2025,19,"1,960.23",72
9/4/2025,20,"1,938.40",69
9/4/2025,21,"1,874.02",68
9/4/2025,22,"1,754.76",66
9/4/2025,23,"1,611.20",66
9/4/2025,24,"1,472.22",65
9/5/2025,01,"1,374.98",66
9/5/2025,02,"1,312.33",67
9/5/2025,03,"1,276.73",68
9/5/2025,04,"1,270.50",68
9/5/2025,05,"1,289.10",68
9/5/2025,06,"1,377.28",67
9/5/2025,07,"1,516.96",66
9/5/2025,08,"1,601.48",66
9/5/2025,09,"1,667.61",67
9/5/2025,10,"1,707.18",70
9/5/2025,11,"1,711.51",73
9/5/2025,12,"1,754.52",75
9/5/2025,13,"1,763.54",78
9/5/2025,14,"1,827.40",78
9/5/2025,15,"1,909.87",77
9/5/2025,16,"1,985.22",79
9/5/2025,17,"2,067.16",79
9/5/2025,18,"2,134.58",78
9/5/2025,19,"2,107.81",76
9/5/2025,20,"2,059.58",73
9/5/2025,21,"2,014.07",71
9/5/2025,22,"1,908.33",70
9/5/2025,23,"1,780.04",70
9/5/2025,24,"1,645.87",71
9/6/2025,01,"1,539.61",71
9/6/2025,02,"1,457.27",70
9/6/2025,03,"1,403.08",69
9/6/2025,04,"1,367.08",68
9/6/2025,05,"1,359.27",68
9/6/2025,06,"1,382.58",68
9/6/2025,07,"1,433.28",69
9/6/2025,08,"1,508.69",68
9/6/2025,09,"1,619.64",70
9/6/2025,10,"1,702.37",73
9/6/2025,11,"1,776.46",75
9/6/2025,12,"1,828.39",77
9/6/2025,13,"1,903.95",79
9/6/2025,14,"2,013.37",83
9/6/2025,15,"2,094.61",82
9/6/2025,16,"2,144.75",81
9/6/2025,17,"2,230.37",79
9/6/2025,18,"2,253.21",77
9/6/2025,19,"2,170.42",75
9/6/2025,20,"2,114.93",75
9/6/2025,21,"2,042.56",71
9/6/2025,22,"1,933.64",70
9/6/2025,23,"1,800.48",69
9/6/2025,24,"1,661.71",69
9/7/2025,01,"1,540.69",68
9/7/2025,02,"1,448.26",67
9/7/2025,03,"1,376.41",66
9/7/2025,04,"1,321.78",65
9/7/2025,05,"1,304.75",64
9/7/2025,06,"1,301.91",64
9/7/2025,07,"1,330.37",63
9/7/2025,08,"1,387.55",63
9/7/2025,09,"1,488.65",62
9/7/2025,10,"1,582.81",61
9/7/2025,11,"1,650.06",61
9/7/2025,12,"1,675.25",60
9/7/2025,13,"1,681.94",60
9/7/2025,14,"1,659.75",62
9/7/2025,15,"1,649.62",62
9/7/2025,16,"1,663.90",63
9/7/2025,17,"1,685.42",64
9/7/2025,18,"1,728.37",63
9/7/2025,19,"1,724.14",63
9/7/2025,20,"1,715.83",63
9/7/2025,21,"1,657.75",62
9/7/2025,22,"1,551.99",62
9/7/2025,23,"1,422.28",61
9/7/2025,24,"1,311.47",61
9/8/2025,01,"1,232.23",60
9/8/2025,02,"1,167.21",59
9/8/2025,03,"1,131.89",59
9/8/2025,04,"1,115.76",57
9/8/2025,05,"1,139.11",55
9/8/2025,06,"1,224.20",54
9/8/2025,07,"1,353.28",55
9/8/2025,08,"1,420.21",55
9/8/2025,09,"1,427.44",56
9/8/2025,10,"1,405.94",58
9/8/2025,11,"1,399.48",61
9/8/2025,12,"1,402.96",64
9/8/2025,13,"1,396.95",66
9/8/2025,14,"1,412.20",67
9/8/2025,15,"1,432.36",68
9/8/2025,16,"1,492.00",69
9/8/2025,17,"1,565.63",68
9/8/2025,18,"1,641.71",67
9/8/2025,19,"1,699.09",68
9/8/2025,20,"1,724.13",65
9/8/2025,21,"1,661.27",61
9/8/2025,22,"1,545.02",59
9/8/2025,23,"1,396.41",57
9/8/2025,24,"1,268.97",55
9/9/2025,01,"1,186.41",54
9/9/2025,02,"1,129.47",53
9/9/2025,03,"1,103.69",52
9/9/2025,04,"1,098.38",51
9/9/2025,05,"1,119.43",51
9/9/2025,06,"1,208.95",50
9/9/2025,07,"1,341.23",50
9/9/2025,08,"1,411.61",51
9/9/2025,09,"1,400.30",52
9/9/2025,10,"1,346.04",57
9/9/2025,11,"1,291.42",64
9/9/2025,12,"1,236.67",67
9/9/2025,13,"1,213.09",70
9/9/2025,14,"1,248.36",72
9/9/2025,15,"1,306.66",72
9/9/2025,16,"1,409.05",73
9/9/2025,17,"1,530.64",71
9/9/2025,18,"1,648.37",70
9/9/2025,19,"1,701.79",67
9/9/2025,20,"1,729.00",65
9/9/2025,21,"1,658.92",62
9/9/2025,22,"1,543.49",61
9/9/2025,23,"1,397.61",59
9/9/2025,24,"1,275.79",58
9/10/2025,01,"1,195.20",56
9/10/2025,02,"1,146.72",57
9/10/2025,03,"1,117.96",57
9/10/2025,04,"1,116.40",58
9/10/2025,05,"1,144.19",59
9/10/2025,06,"1,239.97",59
9/10/2025,07,"1,381.07",60
9/10/2025,08,"1,483.31",60
9/10/2025,09,"1,518.25",62
9/10/2025,10,"1,525.53",64
9/10/2025,11,"1,541.30",65
9/10/2025,12,"1,538.29",66
9/10/2025,13,"1,500.27",67
9/10/2025,14,"1,485.51",69
9/10/2025,15,"1,485.14",71
9/10/2025,16,"1,484.07",69
9/10/2025,17,"1,556.71",70
9/10/2025,18,"1,642.13",67
9/10/2025,19,"1,693.33",65
9/10/2025,20,"1,720.08",64
9/10/2025,21,"1,661.92",62
9/10/2025,22,"1,553.03",62
9/10/2025,23,"1,421.84",62
9/10/2025,24,"1,296.71",60
9/11/2025,01,"1,213.51",59
9/11/2025,02,"1,160.56",58
9/11/2025,03,"1,124.88",57
9/11/2025,04,"1,118.01",56
9/11/2025,05,"1,144.27",55
9/11/2025,06,"1,224.15",55
9/11/2025,07,"1,356.70",53
9/11/2025,08,"1,418.30",53
9/11/2025,09,"1,393.35",58
9/11/2025,10,"1,340.54",63
9/11/2025,11,"1,290.26",70
9/11/2025,12,"1,272.41",72
9/11/2025,13,"1,282.01",74
9/11/2025,14,"1,334.58",75
9/11/2025,15,"1,395.67",76
9/11/2025,16,"1,518.85",77
9/11/2025,17,"1,665.05",77
9/11/2025,18,"1,781.02",77
9/11/2025,19,"1,808.87",76
9/11/2025,20,"1,806.64",72
9/11/2025,21,"1,734.49",66
9/11/2025,22,"1,621.50",65
9/11/2025,23,"1,474.80",64
9/11/2025,24,"1,346.12",63
9/12/2025,01,"1,251.94",61
9/12/2025,02,"1,193.81",61
9/12/2025,03,"1,151.28",62
9/12/2025,04,"1,141.47",62
9/12/2025,05,"1,162.10",60
9/12/2025,06,"1,241.10",61
9/12/2025,07,"1,364.16",61
9/12/2025,08,"1,435.96",60
9/12/2025,09,"1,429.89",62
9/12/2025,10,"1,412.31",65
9/12/2025,11,"1,376.11",67
9/12/2025,12,"1,370.77",70
9/12/2025,13,"1,376.60",71
9/12/2025,14,"1,408.85",72
9/12/2025,15,"1,448.01",73
9/12/2025,16,"1,513.29",73
9/12/2025,17,"1,624.05",73
9/12/2025,18,"1,714.02",71
9/12/2025,19,"1,720.74",69
9/12/2025,20,"1,706.23",67
9/12/2025,21,"1,633.89",64
9/12/2025,22,"1,539.61",63
9/12/2025,23,"1,415.21",61
9/12/2025,24,"1,302.08",60
9/13/2025,01,"1,207.12",58
9/13/2025,02,"1,150.15",56
9/13/2025,03,"1,111.37",55
9/13/2025,04,"1,090.89",54
9/13/2025,05,"1,097.02",54
9/13/2025,06,"1,126.57",52
9/13/2025,07,"1,175.20",53
9/13/2025,08,"1,218.45",52
9/13/2025,09,"1,228.52",56
9/13/2025,10,"1,207.42",60
9/13/2025,11,"1,164.06",66
9/13/2025,12,"1,151.60",69
9/13/2025,13,"1,166.76",71
9/13/2025,14,"1,224.82",71
9/13/2025,15,"1,305.44",71
9/13/2025,16,"1,386.19",68
9/13/2025,17,"1,497.64",70
9/13/2025,18,"1,613.90",69
9/13/2025,19,"1,651.07",68
9/13/2025,20,"1,657.84",66
9/13/2025,21,"1,598.04",64
9/13/2025,22,"1,510.69",63
9/13/2025,23,"1,410.32",62
9/13/2025,24,"1,304.72",61
9/14/2025,01,"1,224.24",60
9/14/2025,02,"1,167.62",60
9/14/2025,03,"1,127.97",59
9/14/2025,04,"1,105.15",58
9/14/2025,05,"1,104.61",58
9/14/2025,06,"1,122.65",57
9/14/2025,07,"1,157.99",57
9/14/2025,08,"1,196.31",58
9/14/2025,09,"1,231.26",62
9/14/2025,10,"1,272.67",64
9/14/2025,11,"1,273.21",70
9/14/2025,12,"1,290.93",73
9/14/2025,13,"1,370.10",74
9/14/2025,14,"1,481.53",76
9/14/2025,15,"1,522.69",77
9/14/2025,16,"1,629.42",77
9/14/2025,17,"1,716.67",71
9/14/2025,18,"1,792.63",72
9/14/2025,19,"1,813.19",70
9/14/2025,20,"1,812.73",68
9/14/2025,21,"1,731.78",67
9/14/2025,22,"1,607.06",64
9/14/2025,23,"1,459.78",63
9/14/2025,24,"1,323.85",61
9/15/2025,01,"1,231.40",62
9/15/2025,02,"1,175.73",60
9/15/2025,03,"1,139.38",60
9/15/2025,04,"1,128.80",58
9/15/2025,05,"1,155.70",59
9/15/2025,06,"1,244.77",58
9/15/2025,07,"1,380.51",59
9/15/2025,08,"1,454.47",59
9/15/2025,09,"1,456.22",62
9/15/2025,10,"1,418.78",65
9/15/2025,11,"1,386.40",69
9/15/2025,12,"1,392.54",71
9/15/2025,13,"1,427.52",74
9/15/2025,14,"1,476.72",75
9/15/2025,15,"1,552.07",76
9/15/2025,16,"1,657.63",78
9/15/2025,17,"1,777.16",76
9/15/2025,18,"1,876.92",76
9/15/2025,19,"1,883.94",72
9/15/2025,20,"1,878.06",70
9/15/2025,21,"1,784.65",69
9/15/2025,22,"1,649.86",66
9/15/2025,23,"1,498.72",64
9/15/2025,24,"1,361.26",62
9/16/2025,01,"1,265.15",62
9/16/2025,02,"1,203.24",60
9/16/2025,03,"1,165.27",60
9/16/2025,04,"1,153.88",60
9/16/2025,05,"1,176.96",59
9/16/2025,06,"1,262.98",58
9/16/2025,07,"1,403.58",59
9/16/2025,08,"1,476.36",58
9/16/2025,09,"1,474.32",59
9/16/2025,10,"1,416.09",60
9/16/2025,11,"1,337.79",64
9/16/2025,12,"1,385.47",68
9/16/2025,13,"1,360.54",72
9/16/2025,14,"1,429.69",71
9/16/2025,15,"1,472.86",74
9/16/2025,16,"1,550.53",73
9/16/2025,17,"1,639.51",73
9/16/2025,18,"1,714.20",71
9/16/2025,19,"1,747.69",68
9/16/2025,20,"1,773.21",65
9/16/2025,21,"1,685.84",63
9/16/2025,22,"1,562.65",61
9/16/2025,23,"1,417.16",59
9/16/2025,24,"1,286.37",59
9/17/2025,01,"1,203.39",57
9/17/2025,02,"1,150.88",58
9/17/2025,03,"1,124.35",58
9/17/2025,04,"1,112.60",57
9/17/2025,05,"1,143.03",57
9/17/2025,06,"1,238.68",57
9/17/2025,07,"1,371.96",58
9/17/2025,08,"1,463.20",58
9/17/2025,09,"1,476.10",60
9/17/2025,10,"1,436.08",61
9/17/2025,11,"1,364.62",66
9/17/2025,12,"1,402.76",68
9/17/2025,13,"1,428.16",72
9/17/2025,14,"1,486.65",72
9/17/2025,15,"1,532.44",72
9/17/2025,16,"1,592.26",75
9/17/2025,17,"1,645.60",73
9/17/2025,18,"1,715.66",71
9/17/2025,19,"1,765.24",70
9/17/2025,20,"1,787.12",67
9/17/2025,21,"1,715.89",66
9/17/2025,22,"1,613.24",64
9/17/2025,23,"1,481.32",62
9/17/2025,24,"1,359.54",63
9/18/2025,01,"1,274.01",62
9/18/2025,02,"1,218.48",62
9/18/2025,03,"1,192.26",62
9/18/2025,04,"1,183.44",62
9/18/2025,05,"1,207.83",62
9/18/2025,06,"1,302.75",62
9/18/2025,07,"1,457.41",62
9/18/2025,08,"1,550.67",62
9/18/2025,09,"1,592.84",63
9/18/2025,10,"1,611.22",63
9/18/2025,11,"1,613.90",65
9/18/2025,12,"1,606.06",67
9/18/2025,13,"1,620.87",67
9/18/2025,14,"1,638.10",70
9/18/2025,15,"1,652.34",71
9/18/2025,16,"1,676.34",73
9/18/2025,17,"1,746.33",76
9/18/2025,18,"1,840.11",77
9/18/2025,19,"1,875.10",72
9/18/2025,20,"1,874.03",69
9/18/2025,21,"1,797.63",68
9/18/2025,22,"1,681.02",65
9/18/2025,23,"1,541.68",64
9/18/2025,24,"1,405.41",63
9/19/2025,01,"1,303.90",63
9/19/2025,02,"1,242.33",63
9/19/2025,03,"1,192.07",62
9/19/2025,04,"1,181.87",62
9/19/2025,05,"1,194.98",61
9/19/2025,06,"1,274.97",61
9/19/2025,07,"1,404.59",61
9/19/2025,08,"1,489.30",61
9/19/2025,09,"1,492.98",65
9/19/2025,10,"1,478.45",71
9/19/2025,11,"1,453.82",76
9/19/2025,12,"1,467.69",77
9/19/2025,13,"1,534.80",80
9/19/2025,14,"1,621.20",81
9/19/2025,15,"1,691.78",80
9/19/2025,16,"1,802.59",81
9/19/2025,17,"1,907.95",81
9/19/2025,18,"1,968.96",81
9/19/2025,19,"1,940.68",79
9/19/2025,20,"1,885.77",75
9/19/2025,21,"1,777.46",72
9/19/2025,22,"1,657.73",69
9/19/2025,23,"1,512.34",68
9/19/2025,24,"1,375.98",65
9/20/2025,01,"1,271.66",64
9/20/2025,02,"1,193.72",61
9/20/2025,03,"1,141.58",60
9/20/2025,04,"1,112.80",59
9/20/2025,05,"1,111.61",57
9/20/2025,06,"1,137.72",55
9/20/2025,07,"1,186.49",55
9/20/2025,08,"1,228.35",54
9/20/2025,09,"1,231.30",57
9/20/2025,10,"1,189.27",61
9/20/2025,11,"1,130.91",63
9/20/2025,12,"1,095.58",65
9/20/2025,13,"1,088.90",66
9/20/2025,14,"1,116.37",67
9/20/2025,15,"1,180.68",68
9/20/2025,16,"1,296.03",70
9/20/2025,17,"1,432.79",70
9/20/2025,18,"1,549.44",69
9/20/2025,19,"1,582.15",66
9/20/2025,20,"1,574.83",63
9/20/2025,21,"1,505.19",61
9/20/2025,22,"1,419.70",59
9/20/2025,23,"1,318.74",58
9/20/2025,24,"1,217.11",56
9/21/2025,01,"1,143.87",54
9/21/2025,02,"1,089.47",52
9/21/2025,03,"1,054.91",51
9/21/2025,04,"1,043.48",50
9/21/2025,05,"1,049.72",50
9/21/2025,06,"1,070.91",49
9/21/2025,07,"1,114.85",47
9/21/2025,08,"1,144.78",46
9/21/2025,09,"1,151.51",51
9/21/2025,10,"1,122.50",56
9/21/2025,11,"1,102.12",61
9/21/2025,12,"1,081.21",63
9/21/2025,13,"1,064.91",66
9/21/2025,14,"1,094.07",68
9/21/2025,15,"1,172.31",69
9/21/2025,16,"1,265.47",68
9/21/2025,17,"1,423.17",67
9/21/2025,18,"1,540.84",65
9/21/2025,19,"1,600.51",63
9/21/2025,20,"1,610.76",60
9/21/2025,21,"1,539.71",59
9/21/2025,22,"1,424.62",58
9/21/2025,23,"1,302.88",57
9/21/2025,24,"1,193.17",57
9/22/2025,01,"1,119.48",55
9/22/2025,02,"1,078.15",54
9/22/2025,03,"1,056.75",55
9/22/2025,04,"1,057.64",54
9/22/2025,05,"1,093.59",52
9/22/2025,06,"1,184.60",52
9/22/2025,07,"1,327.43",50
9/22/2025,08,"1,398.34",50
9/22/2025,09,"1,383.61",54
9/22/2025,10,"1,370.25",59
9/22/2025,11,"1,341.32",63
9/22/2025,12,"1,292.72",64
9/22/2025,13,"1,279.90",68
9/22/2025,14,"1,282.39",69
9/22/2025,15,"1,340.80",71
9/22/2025,16,"1,446.85",71
9/22/2025,17,"1,590.73",70
9/22/2025,18,"1,722.84",69
9/22/2025,19,"1,761.81",67
9/22/2025,20,"1,752.55",65
9/22/2025,21,"1,662.09",62
9/22/2025,22,"1,543.80",61
9/22/2025,23,"1,400.84",60
9/22/2025,24,"1,286.92",60
9/23/2025,01,"1,203.74",60
9/23/2025,02,"1,157.98",59
9/23/2025,03,"1,125.39",58
9/23/2025,04,"1,123.17",59
9/23/2025,05,"1,151.54",58
9/23/2025,06,"1,242.07",58
9/23/2025,07,"1,387.29",60
9/23/2025,08,"1,469.88",61
9/23/2025,09,"1,478.35",63
9/23/2025,10,"1,444.82",68
9/23/2025,11,"1,450.44",73
9/23/2025,12,"1,510.21",74
9/23/2025,13,"1,527.23",74
9/23/2025,14,"1,586.18",77
9/23/2025,15,"1,627.09",79
9/23/2025,16,"1,692.71",77
9/23/2025,17,"1,805.98",79
9/23/2025,18,"1,906.07",77
9/23/2025,19,"1,954.50",75
9/23/2025,20,"1,943.14",72
9/23/2025,21,"1,867.48",71
9/23/2025,22,"1,749.17",71
9/23/2025,23,"1,606.19",70
9/23/2025,24,"1,463.33",70
9/24/2025,01,"1,367.89",69
9/24/2025,02,"1,293.77",68
9/24/2025,03,"1,254.50",67
9/24/2025,04,"1,239.97",68
9/24/2025,05,"1,259.89",67
9/24/2025,06,"1,347.49",68
9/24/2025,07,"1,495.83",67
9/24/2025,08,"1,593.54",67
9/24/2025,09,"1,658.62",66
9/24/2025,10,"1,707.66",66
9/24/2025,11,"1,723.32",66
9/24/2025,12,"1,724.82",65
9/24/2025,13,"1,739.16",66
9/24/2025,14,"1,748.20",66
9/24/2025,15,"1,727.82",66
9/24/2025,16,"1,723.40",66
9/24/2025,17,"1,744.31",66
9/24/2025,18,"1,778.05",66
9/24/2025,19,"1,796.15",66
9/24/2025,20,"1,783.80",65
9/24/2025,21,"1,706.24",65
9/24/2025,22,"1,599.71",65
9/24/2025,23,"1,472.00",64
9/24/2025,24,"1,352.01",64
9/25/2025,01,"1,268.95",64
9/25/2025,02,"1,217.18",64
9/25/2025,03,"1,189.76",64
9/25/2025,04,"1,182.84",64
9/25/2025,05,"1,204.53",64
9/25/2025,06,"1,300.49",64
9/25/2025,07,"1,453.02",64
9/25/2025,08,"1,576.93",65
9/25/2025,09,"1,662.91",65
9/25/2025,10,"1,712.77",65
9/25/2025,11,"1,735.79",66
9/25/2025,12,"1,736.16",68
9/25/2025,13,"1,749.29",71
9/25/2025,14,"1,797.28",70
9/25/2025,15,"1,796.28",72
9/25/2025,16,"1,809.96",72
9/25/2025,17,"1,846.44",73
9/25/2025,18,"1,883.70",73
9/25/2025,19,"1,908.47",72
9/25/2025,20,"1,918.90",72
9/25/2025,21,"1,840.01",72
9/25/2025,22,"1,750.73",71
9/25/2025,23,"1,621.55",72
9/25/2025,24,"1,504.95",73
9/26/2025,01,"1,426.62",73
9/26/2025,02,"1,366.38",74
9/26/2025,03,"1,325.79",73
9/26/2025,04,"1,300.87",72
9/26/2025,05,"1,309.17",70
9/26/2025,06,"1,376.99",69
9/26/2025,07,"1,504.05",67
9/26/2025,08,"1,578.40",67
9/26/2025,09,"1,598.27",69
9/26/2025,10,"1,621.87",70
9/26/2025,11,"1,649.87",72
9/26/2025,12,"1,659.99",74
9/26/2025,13,"1,626.04",76
9/26/2025,14,"1,700.17",79
9/26/2025,15,"1,793.41",80
9/26/2025,16,"1,877.19",80
9/26/2025,17,"1,976.07",79
9/26/2025,18,"2,021.67",80
9/26/2025,19,"1,991.63",78
9/26/2025,20,"1,953.84",74
9/26/2025,21,"1,873.51",71
9/26/2025,22,"1,768.66",69
9/26/2025,23,"1,626.87",68
9/26/2025,24,"1,489.33",67
9/27/2025,01,"1,378.74",66
9/27/2025,02,"1,296.12",65
9/27/2025,03,"1,240.98",64
9/27/2025,04,"1,206.24",63
9/27/2025,05,"1,199.22",62
9/27/2025,06,"1,218.63",60
9/27/2025,07,"1,269.09",59
9/27/2025,08,"1,321.00",60
9/27/2025,09,"1,356.16",63
9/27/2025,10,"1,368.38",68
9/27/2025,11,"1,357.37",72
9/27/2025,12,"1,393.31",74
9/27/2025,13,"1,469.20",75
9/27/2025,14,"1,534.07",77
9/27/2025,15,"1,636.49",77
9/27/2025,16,"1,741.63",76
9/27/2025,17,"1,775.69",75
9/27/2025,18,"1,804.34",73
9/27/2025,19,"1,827.33",72
9/27/2025,20,"1,805.24",69
9/27/2025,21,"1,729.27",68
9/27/2025,22,"1,636.52",67
9/27/2025,23,"1,527.57",66
9/27/2025,24,"1,422.12",66
9/28/2025,01,"1,335.06",66
9/28/2025,02,"1,270.14",66
9/28/2025,03,"1,230.77",66
9/28/2025,04,"1,208.31",66
9/28/2025,05,"1,204.04",65
9/28/2025,06,"1,219.72",65
9/28/2025,07,"1,265.88",65
9/28/2025,08,"1,322.93",64
9/28/2025,09,"1,402.79",65
9/28/2025,10,"1,431.35",66
9/28/2025,11,"1,394.04",68
9/28/2025,12,"1,367.62",73
9/28/2025,13,"1,426.52",75
9/28/2025,14,"1,516.00",77
9/28/2025,15,"1,632.93",79
9/28/2025,16,"1,764.38",79
9/28/2025,17,"1,903.79",78
9/28/2025,18,"2,009.77",81
9/28/2025,19,"2,003.50",78
9/28/2025,20,"1,979.74",72
9/28/2025,21,"1,866.40",70
9/28/2025,22,"1,731.92",69
9/28/2025,23,"1,579.51",69
9/28/2025,24,"1,442.00",68
9/29/2025,01,"1,338.00",67
9/29/2025,02,"1,262.34",67
9/29/2025,03,"1,211.09",68
9/29/2025,04,"1,186.20",65
9/29/2025,05,"1,202.30",65
9/29/2025,06,"1,280.88",63
9/29/2025,07,"1,408.96",62
9/29/2025,08,"1,487.30",61
9/29/2025,09,"1,479.21",64
9/29/2025,10,"1,454.54",67
9/29/2025,11,"1,435.99",72
9/29/2025,12,"1,503.48",72
9/29/2025,13,"1,456.69",74
9/29/2025,14,"1,512.61",76
9/29/2025,15,"1,620.45",76
9/29/2025,16,"1,728.83",77
9/29/2025,17,"1,842.04",75
9/29/2025,18,"1,894.82",73
9/29/2025,19,"1,915.56",70
9/29/2025,20,"1,881.86",67
9/29/2025,21,"1,781.31",65
9/29/2025,22,"1,653.74",64
9/29/2025,23,"1,494.25",62
9/29/2025,24,"1,358.83",63
9/30/2025,01,"1,264.74",62
9/30/2025,02,"1,203.37",61
9/30/2025,03,"1,162.72",63
9/30/2025,04,"1,151.25",61
9/30/2025,05,"1,171.74",59
9/30/2025,06,"1,252.09",57
9/30/2025,07,"1,399.90",58
9/30/2025,08,"1,467.41",58
9/30/2025,09,"1,470.79",59
9/30/2025,10,"1,446.49",63
9/30/2025,11,"1,414.43",69
9/30/2025,12,"1,406.60",73
9/30/2025,13,"1,413.03",76
9/30/2025,14,"1,434.72",76
9/30/2025,15,"1,485.03",75
9/30/2025,16,"1,545.78",75
9/30/2025,17,"1,645.78",74
9/30/2025,18,"1,735.02",72
9/30/2025,19,"1,772.78",67
9/30/2025,20,"1,754.60",64
9/30/2025,21,"1,654.71",60
9/30/2025,22,"1,537.94",59
9/30/2025,23,"1,401.74",59
9/30/2025,24,"1,274.80",58
10/1/2025,01,"1,192.62",57
10/1/2025,02,"1,138.85",56
10/1/2025,03,"1,108.47",56
10/1/2025,04,"1,094.33",55
10/1/2025,05,"1,118.38",55
10/1/2025,06,"1,201.66",53
10/1/2025,07,"1,344.62",53
10/1/2025,08,"1,421.01",52
10/1/2025,09,"1,395.83",53
10/1/2025,10,"1,354.74",56
10/1/2025,11,"1,349.56",57
10/1/2025,12,"1,314.14",60
10/1/2025,13,"1,270.94",61
10/1/2025,14,"1,246.84",62
10/1/2025,15,"1,248.82",64
10/1/2025,16,"1,321.70",64
10/1/2025,17,"1,449.09",64
10/1/2025,18,"1,581.06",63
10/1/2025,19,"1,654.68",60
10/1/2025,20,"1,648.21",57
10/1/2025,21,"1,571.28",54
10/1/2025,22,"1,469.17",54
10/1/2025,23,"1,335.22",55
10/1/2025,24,"1,217.50",53
10/2/2025,01,"1,143.97",52
10/2/2025,02,"1,093.89",51
10/2/2025,03,"1,074.35",50
10/2/2025,04,"1,068.92",49
10/2/2025,05,"1,098.38",49
10/2/2025,06,"1,189.02",48
10/2/2025,07,"1,338.41",47
10/2/2025,08,"1,424.26",46
10/2/2025,09,"1,387.08",48
10/2/2025,10,"1,303.07",53
10/2/2025,11,"1,234.42",56
10/2/2025,12,"1,193.38",59
10/2/2025,13,"1,156.15",59
10/2/2025,14,"1,158.44",61
10/2/2025,15,"1,200.56",62
10/2/2025,16,"1,294.26",63
10/2/2025,17,"1,440.39",63
10/2/2025,18,"1,558.80",62
10/2/2025,19,"1,643.75",60
10/2/2025,20,"1,643.38",56
10/2/2025,21,"1,566.32",55
10/2/2025,22,"1,470.02",53
10/2/2025,23,"1,349.94",51
10/2/2025,24,"1,236.29",50
10/3/2025,01,"1,155.17",48
10/3/2025,02,"1,110.96",47
10/3/2025,03,"1,085.50",47
10/3/2025,04,"1,085.99",46
10/3/2025,05,"1,111.77",46
10/3/2025,06,"1,203.80",46
10/3/2025,07,"1,350.61",46
10/3/2025,08,"1,440.33",44
10/3/2025,09,"1,401.56",49
10/3/2025,10,"1,327.22",56
10/3/2025,11,"1,222.34",61
10/3/2025,12,"1,126.76",64
10/3/2025,13,"1,160.82",66
10/3/2025,14,"1,187.74",68
10/3/2025,15,"1,246.58",70
10/3/2025,16,"1,338.76",71
10/3/2025,17,"1,464.70",71
10/3/2025,18,"1,575.45",70
10/3/2025,19,"1,617.92",66
10/3/2025,20,"1,603.76",61
10/3/2025,21,"1,536.96",59
10/3/2025,22,"1,455.01",58
10/3/2025,23,"1,344.66",59
10/3/2025,24,"1,240.22",59
10/4/2025,01,"1,161.05",58
10/4/2025,02,"1,109.09",58
10/4/2025,03,"1,074.26",57
10/4/2025,04,"1,060.19",56
10/4/2025,05,"1,069.54",53
10/4/2025,06,"1,103.97",55
10/4/2025,07,"1,172.05",54
10/4/2025,08,"1,232.46",53
10/4/2025,09,"1,242.73",56
10/4/2025,10,"1,210.15",61
10/4/2025,11,"1,161.67",66
10/4/2025,12,"1,141.80",72
10/4/2025,13,"1,157.44",75
10/4/2025,14,"1,194.09",77
10/4/2025,15,"1,279.78",79
10/4/2025,16,"1,397.37",79
10/4/2025,17,"1,524.80",76
10/4/2025,18,"1,633.40",75
10/4/2025,19,"1,656.45",72
10/4/2025,20,"1,636.29",67
10/4/2025,21,"1,559.79",66
10/4/2025,22,"1,468.10",65
10/4/2025,23,"1,368.70",62
10/4/2025,24,"1,260.76",62
10/5/2025,01,"1,182.78",61
10/5/2025,02,"1,130.82",62
10/5/2025,03,"1,090.80",59
10/5/2025,04,"1,070.46",57
10/5/2025,05,"1,071.21",57
10/5/2025,06,"1,092.28",57
10/5/2025,07,"1,137.67",56
10/5/2025,08,"1,179.96",55
10/5/2025,09,"1,209.93",57
10/5/2025,10,"1,205.69",64
10/5/2025,11,"1,188.93",70
10/5/2025,12,"1,202.27",74
10/5/2025,13,"1,255.55",77
10/5/2025,14,"1,335.71",79
10/5/2025,15,"1,451.75",79
10/5/2025,16,"1,586.83",78
10/5/2025,17,"1,732.79",78
10/5/2025,18,"1,841.46",78
10/5/2025,19,"1,859.23",73
10/5/2025,20,"1,826.75",68
10/5/2025,21,"1,724.64",67
10/5/2025,22,"1,595.51",64
10/5/2025,23,"1,462.17",64
10/5/2025,24,"1,338.64",63
10/6/2025,01,"1,249.22",61
10/6/2025,02,"1,183.15",59
10/6/2025,03,"1,146.50",59
10/6/2025,04,"1,133.04",59
10/6/2025,05,"1,156.78",59
10/6/2025,06,"1,244.25",60
10/6/2025,07,"1,388.22",58
10/6/2025,08,"1,477.32",57
10/6/2025,09,"1,475.75",60
10/6/2025,10,"1,452.73",63
10/6/2025,11,"1,419.00",68
10/6/2025,12,"1,427.28",73
10/6/2025,13,"1,467.09",76
10/6/2025,14,"1,539.00",76
10/6/2025,15,"1,623.50",78
10/6/2025,16,"1,733.45",80
10/6/2025,17,"1,832.46",78
10/6/2025,18,"1,895.29",75
10/6/2025,19,"1,905.64",70
10/6/2025,20,"1,867.44",67
10/6/2025,21,"1,775.13",65
10/6/2025,22,"1,655.02",64
10/6/2025,23,"1,511.25",63
10/6/2025,24,"1,377.18",62
10/7/2025,01,"1,282.96",62
10/7/2025,02,"1,220.30",60
10/7/2025,03,"1,185.12",59
10/7/2025,04,"1,169.05",60
10/7/2025,05,"1,189.46",59
10/7/2025,06,"1,265.88",60
10/7/2025,07,"1,425.15",63
10/7/2025,08,"1,527.27",64
10/7/2025,09,"1,542.72",65
10/7/2025,10,"1,504.02",67
10/7/2025,11,"1,456.77",71
10/7/2025,12,"1,466.42",75
10/7/2025,13,"1,487.91",78
10/7/2025,14,"1,538.17",77
10/7/2025,15,"1,622.01",77
10/7/2025,16,"1,701.95",78
10/7/2025,17,"1,751.25",76
10/7/2025,18,"1,842.13",74
10/7/2025,19,"1,883.72",71
10/7/2025,20,"1,866.02",69
10/7/2025,21,"1,793.57",68
10/7/2025,22,"1,682.15",68
10/7/2025,23,"1,544.72",68
10/7/2025,24,"1,413.92",68
10/8/2025,01,"1,326.85",69
10/8/2025,02,"1,269.37",69
10/8/2025,03,"1,238.10",69
10/8/2025,04,"1,228.31",70
10/8/2025,05,"1,258.24",70
10/8/2025,06,"1,344.94",70
10/8/2025,07,"1,504.68",71
10/8/2025,08,"1,624.59",71
10/8/2025,09,"1,669.07",70
10/8/2025,10,"1,701.09",69
10/8/2025,11,"1,734.42",70
10/8/2025,12,"1,749.93",64
10/8/2025,13,"1,707.98",64
10/8/2025,14,"1,657.02",61
10/8/2025,15,"1,581.08",60
10/8/2025,16,"1,542.01",61
10/8/2025,17,"1,586.77",62
10/8/2025,18,"1,654.72",62
10/8/2025,19,"1,693.33",63
10/8/2025,20,"1,665.26",60
10/8/2025,21,"1,578.63",58
10/8/2025,22,"1,471.90",56
10/8/2025,23,"1,340.80",55
10/8/2025,24,"1,223.73",54
10/9/2025,01,"1,136.83",53
10/9/2025,02,"1,093.06",51
10/9/2025,03,"1,063.64",50
10/9/2025,04,"1,058.71",50
10/9/2025,05,"1,088.39",49
10/9/2025,06,"1,182.53",48
10/9/2025,07,"1,346.04",47
10/9/2025,08,"1,437.48",46
10/9/2025,09,"1,384.71",46
10/9/2025,10,"1,297.63",48
10/9/2025,11,"1,208.85",49
10/9/2025,12,"1,131.75",51
10/9/2025,13,"1,088.25",53
10/9/2025,14,"1,095.14",55
10/9/2025,15,"1,157.39",56
10/9/2025,16,"1,256.91",56
10/9/2025,17,"1,400.66",56
10/9/2025,18,"1,547.50",55
10/9/2025,19,"1,643.07",53
10/9/2025,20,"1,641.47",50
10/9/2025,21,"1,584.03",48
10/9/2025,22,"1,492.67",44
10/9/2025,23,"1,361.61",43
10/9/2025,24,"1,255.12",41
10/10/2025,01,"1,181.47",40
10/10/2025,02,"1,141.27",39
10/10/2025,03,"1,116.26",38
10/10/2025,04,"1,121.43",40
10/10/2025,05,"1,157.15",39
10/10/2025,06,"1,255.44",39
10/10/2025,07,"1,418.56",38
10/10/2025,08,"1,519.44",37
10/10/2025,09,"1,476.48",39
10/10/2025,10,"1,354.22",46
10/10/2025,11,"1,250.35",50
10/10/2025,12,"1,175.47",55
10/10/2025,13,"1,130.47",57
10/10/2025,14,"1,142.69",58
10/10/2025,15,"1,181.58",59
10/10/2025,16,"1,269.50",59
10/10/2025,17,"1,394.18",59
10/10/2025,18,"1,527.28",59
10/10/2025,19,"1,604.58",55
10/10/2025,20,"1,580.19",52
10/10/2025,21,"1,529.55",52
10/10/2025,22,"1,455.46",47
10/10/2025,23,"1,351.97",48
10/10/2025,24,"1,243.72",50
10/11/2025,01,"1,168.46",50
10/11/2025,02,"1,114.66",50
10/11/2025,03,"1,085.21",51
10/11/2025,04,"1,070.37",51
10/11/2025,05,"1,082.38",52
10/11/2025,06,"1,122.61",52
10/11/2025,07,"1,198.21",52
10/11/2025,08,"1,266.75",52
10/11/2025,09,"1,298.27",54
10/11/2025,10,"1,276.39",56
10/11/2025,11,"1,138.29",60
10/11/2025,12,"1,078.62",64
10/11/2025,13,"1,127.67",65
10/11/2025,14,"1,194.41",64
10/11/2025,15,"1,219.58",67
10/11/2025,16,"1,275.94",66
10/11/2025,17,"1,376.42",64
10/11/2025,18,"1,461.51",63
10/11/2025,19,"1,524.24",62
10/11/2025,20,"1,507.70",59
10/11/2025,21,"1,459.22",60
10/11/2025,22,"1,385.10",58
10/11/2025,23,"1,293.31",58
10/11/2025,24,"1,197.27",58
10/12/2025,01,"1,126.23",57
10/12/2025,02,"1,076.84",57
10/12/2025,03,"1,044.80",56
10/12/2025,04,"1,029.46",55
10/12/2025,05,"1,031.28",55
10/12/2025,06,"1,057.50",55
10/12/2025,07,"1,111.59",55
10/12/2025,08,"1,177.22",55
10/12/2025,09,"1,265.49",55
10/12/2025,10,"1,335.89",56
10/12/2025,11,"1,422.64",57
10/12/2025,12,"1,491.14",57
10/12/2025,13,"1,526.13",56
10/12/2025,14,"1,543.56",56
10/12/2025,15,"1,544.64",56
10/12/2025,16,"1,534.67",57
10/12/2025,17,"1,561.05",57
10/12/2025,18,"1,605.35",57
10/12/2025,19,"1,615.26",56
10/12/2025,20,"1,562.95",56
10/12/2025,21,"1,489.16",57
10/12/2025,22,"1,399.10",57
10/12/2025,23,"1,300.90",57
10/12/2025,24,"1,209.78",57
10/13/2025,01,"1,136.40",56
10/13/2025,02,"1,092.40",55
10/13/2025,03,"1,071.90",55
10/13/2025,04,"1,062.43",55
10/13/2025,05,"1,082.36",55
10/13/2025,06,"1,143.50",56
10/13/2025,07,"1,237.72",56
10/13/2025,08,"1,336.76",56
10/13/2025,09,"1,434.15",56
10/13/2025,10,"1,510.84",56
10/13/2025,11,"1,578.98",56
10/13/2025,12,"1,606.35",56
10/13/2025,13,"1,618.96",56
10/13/2025,14,"1,614.99",56
10/13/2025,15,"1,612.14",56
10/13/2025,16,"1,637.33",56
10/13/2025,17,"1,678.19",55
10/13/2025,18,"1,725.39",55
10/13/2025,19,"1,741.14",55
10/13/2025,20,"1,686.12",55
10/13/2025,21,"1,594.11",55
10/13/2025,22,"1,490.81",54
10/13/2025,23,"1,365.93",54
10/13/2025,24,"1,253.27",55
10/14/2025,01,"1,169.48",55
10/14/2025,02,"1,125.52",53
10/14/2025,03,"1,098.24",53
10/14/2025,04,"1,094.39",53
10/14/2025,05,"1,121.00",54
10/14/2025,06,"1,215.05",54
10/14/2025,07,"1,374.36",54
10/14/2025,08,"1,494.58",54
10/14/2025,09,"1,544.47",54
10/14/2025,10,"1,562.66",54
10/14/2025,11,"1,557.71",54
10/14/2025,12,"1,547.86",55
10/14/2025,13,"1,535.21",56
10/14/2025,14,"1,529.93",57
10/14/2025,15,"1,541.44",58
10/14/2025,16,"1,557.59",57
10/14/2025,17,"1,607.43",57
10/14/2025,18,"1,694.15",57
10/14/2025,19,"1,734.70",56
10/14/2025,20,"1,701.60",56
10/14/2025,21,"1,613.82",56
10/14/2025,22,"1,507.08",56
10/14/2025,23,"1,378.29",56
10/14/2025,24,"1,263.56",55
10/15/2025,01,"1,183.22",55
10/15/2025,02,"1,129.35",54
10/15/2025,03,"1,105.95",54
10/15/2025,04,"1,096.83",54
10/15/2025,05,"1,126.23",54
10/15/2025,06,"1,221.78",54
10/15/2025,07,"1,380.60",55
10/15/2025,08,"1,481.71",54
10/15/2025,09,"1,430.42",55
10/15/2025,10,"1,406.17",56
10/15/2025,11,"1,341.82",59
10/15/2025,12,"1,263.87",61
10/15/2025,13,"1,366.04",62
10/15/2025,14,"1,366.35",63
10/15/2025,15,"1,387.05",63
10/15/2025,16,"1,408.63",63
10/15/2025,17,"1,475.08",63
10/15/2025,18,"1,597.89",59
10/15/2025,19,"1,683.92",57
10/15/2025,20,"1,663.47",54
10/15/2025,21,"1,592.69",51
10/15/2025,22,"1,496.12",49
10/15/2025,23,"1,365.07",49
10/15/2025,24,"1,255.88",46
10/16/2025,01,"1,176.88",47
10/16/2025,02,"1,136.10",49
10/16/2025,03,"1,109.30",49
10/16/2025,04,"1,105.93",48
10/16/2025,05,"1,144.35",47
10/16/2025,06,"1,243.47",45
10/16/2025,07,"1,415.17",45
10/16/2025,08,"1,523.67",44
10/16/2025,09,"1,480.35",46
10/16/2025,10,"1,375.07",48
10/16/2025,11,"1,278.42",49
10/16/2025,12,"1,219.51",52
10/16/2025,13,"1,250.13",53
10/16/2025,14,"1,304.87",55
10/16/2025,15,"1,355.11",56
10/16/2025,16,"1,446.28",57
10/16/2025,17,"1,537.57",56
10/16/2025,18,"1,638.31",55
10/16/2025,19,"1,721.63",54
10/16/2025,20,"1,697.12",53
10/16/2025,21,"1,631.88",52
10/16/2025,22,"1,529.98",52
10/16/2025,23,"1,398.18",51
10/16/2025,24,"1,282.03",50
10/17/2025,01,"1,196.84",49
10/17/2025,02,"1,150.62",47
10/17/2025,03,"1,125.97",48
10/17/2025,04,"1,115.61",47
10/17/2025,05,"1,151.66",47
10/17/2025,06,"1,241.50",48
10/17/2025,07,"1,411.87",48
10/17/2025,08,"1,523.59",47
10/17/2025,09,"1,517.89",47
10/17/2025,10,"1,441.15",50
10/17/2025,11,"1,345.77",52
10/17/2025,12,"1,283.34",56
10/17/2025,13,"1,231.93",58
10/17/2025,14,"1,215.09",59
10/17/2025,15,"1,237.94",61
10/17/2025,16,"1,316.36",62
10/17/2025,17,"1,437.48",63
10/17/2025,18,"1,555.40",61
10/17/2025,19,"1,620.29",59
10/17/2025,20,"1,596.97",57
10/17/2025,21,"1,541.57",51
10/17/2025,22,"1,471.92",48
10/17/2025,23,"1,372.75",48
10/17/2025,24,"1,270.55",46
10/18/2025,01,"1,197.95",46
10/18/2025,02,"1,152.11",45
10/18/2025,03,"1,126.00",45
10/18/2025,04,"1,118.79",41
10/18/2025,05,"1,131.48",42
10/18/2025,06,"1,173.80",43
10/18/2025,07,"1,265.23",44
10/18/2025,08,"1,340.27",42
10/18/2025,09,"1,339.64",45
10/18/2025,10,"1,264.46",49
10/18/2025,11,"1,175.90",54
10/18/2025,12,"1,110.67",57
10/18/2025,13,"1,071.18",59
10/18/2025,14,"1,081.64",61
10/18/2025,15,"1,137.52",62
10/18/2025,16,"1,239.78",62
10/18/2025,17,"1,368.38",61
10/18/2025,18,"1,485.09",60
10/18/2025,19,"1,553.42",57
10/18/2025,20,"1,533.13",54
10/18/2025,21,"1,480.59",52
10/18/2025,22,"1,413.36",51
10/18/2025,23,"1,322.38",51
10/18/2025,24,"1,228.20",50
10/19/2025,01,"1,161.63",49
10/19/2025,02,"1,113.90",48
10/19/2025,03,"1,088.22",49
10/19/2025,04,"1,071.39",49
10/19/2025,05,"1,075.57",48
10/19/2025,06,"1,105.02",46
10/19/2025,07,"1,167.56",46
10/19/2025,08,"1,230.80",48
10/19/2025,09,"1,244.29",48
10/19/2025,10,"1,194.05",56
10/19/2025,11,"1,142.29",61
10/19/2025,12,"1,122.37",64
10/19/2025,13,"1,151.47",65
10/19/2025,14,"1,165.76",65
10/19/2025,15,"1,193.20",65
10/19/2025,16,"1,262.13",64
10/19/2025,17,"1,394.54",64
10/19/2025,18,"1,527.27",62
10/19/2025,19,"1,622.13",60
10/19/2025,20,"1,582.97",59
10/19/2025,21,"1,510.60",60
10/19/2025,22,"1,410.86",60
10/19/2025,23,"1,294.21",60
10/19/2025,24,"1,188.11",61
10/20/2025,01,"1,118.66",61
10/20/2025,02,"1,072.34",63
10/20/2025,03,"1,051.68",63
10/20/2025,04,"1,053.29",63
10/20/2025,05,"1,082.53",63
10/20/2025,06,"1,177.50",64
10/20/2025,07,"1,342.25",64
10/20/2025,08,"1,459.32",64
10/20/2025,09,"1,498.73",65
10/20/2025,10,"1,552.55",66
10/20/2025,11,"1,622.07",65
10/20/2025,12,"1,664.41",64
10/20/2025,13,"1,655.23",63
10/20/2025,14,"1,637.54",59
10/20/2025,15,"1,553.22",60
10/20/2025,16,"1,480.57",62
10/20/2025,17,"1,503.03",62
10/20/2025,18,"1,624.05",61
10/20/2025,19,"1,702.80",59
10/20/2025,20,"1,655.40",58
10/20/2025,21,"1,583.62",57
10/20/2025,22,"1,468.32",56
10/20/2025,23,"1,341.47",55
10/20/2025,24,"1,229.56",54
10/21/2025,01,"1,151.01",55
10/21/2025,02,"1,104.62",55
10/21/2025,03,"1,080.18",53
10/21/2025,04,"1,073.81",53
10/21/2025,05,"1,106.76",52
10/21/2025,06,"1,201.78",50
10/21/2025,07,"1,362.94",52
10/21/2025,08,"1,473.08",52
10/21/2025,09,"1,435.08",51
10/21/2025,10,"1,329.02",53
10/21/2025,11,"1,228.30",56
10/21/2025,12,"1,169.71",59
10/21/2025,13,"1,139.36",61
10/21/2025,14,"1,160.89",63
10/21/2025,15,"1,216.69",65
10/21/2025,16,"1,313.04",66
10/21/2025,17,"1,450.10",65
10/21/2025,18,"1,588.61",63
10/21/2025,19,"1,671.31",59
10/21/2025,20,"1,645.58",55
10/21/2025,21,"1,569.40",56
10/21/2025,22,"1,463.63",53
10/21/2025,23,"1,336.34",52
10/21/2025,24,"1,228.06",52
10/22/2025,01,"1,151.62",53
10/22/2025,02,"1,106.53",51
10/22/2025,03,"1,084.44",51
10/22/2025,04,"1,074.42",56
10/22/2025,05,"1,106.69",56
10/22/2025,06,"1,201.07",59
10/22/2025,07,"1,365.25",60
10/22/2025,08,"1,485.97",58
10/22/2025,09,"1,539.21",56
10/22/2025,10,"1,534.25",56
10/22/2025,11,"1,461.07",57
10/22/2025,12,"1,359.09",61
10/22/2025,13,"1,285.91",65
10/22/2025,14,"1,255.12",65
10/22/2025,15,"1,302.52",68
10/22/2025,16,"1,360.71",67
10/22/2025,17,"1,472.19",64
10/22/2025,18,"1,594.73",63
10/22/2025,19,"1,671.25",59
10/22/2025,20,"1,630.15",57
10/22/2025,21,"1,559.46",56
10/22/2025,22,"1,462.86",56
10/22/2025,23,"1,332.73",56
10/22/2025,24,"1,217.39",55
10/23/2025,01,"1,141.86",53
10/23/2025,02,"1,099.30",53
10/23/2025,03,"1,075.52",55
10/23/2025,04,"1,073.27",50
10/23/2025,05,"1,104.28",47
10/23/2025,06,"1,200.99",48
10/23/2025,07,"1,373.21",45
10/23/2025,08,"1,468.66",47
10/23/2025,09,"1,425.02",49
10/23/2025,10,"1,370.76",53
10/23/2025,11,"1,288.65",57
10/23/2025,12,"1,240.20",58
10/23/2025,13,"1,216.76",57
10/23/2025,14,"1,195.37",60
10/23/2025,15,"1,238.68",61
10/23/2025,16,"1,325.49",61
10/23/2025,17,"1,452.82",61
10/23/2025,18,"1,585.03",59
10/23/2025,19,"1,666.57",55
10/23/2025,20,"1,637.91",53
10/23/2025,21,"1,572.33",52
10/23/2025,22,"1,479.64",50
10/23/2025,23,"1,358.94",47
10/23/2025,24,"1,246.32",47
10/24/2025,01,"1,173.82",45
10/24/2025,02,"1,127.33",45
10/24/2025,03,"1,104.28",45
10/24/2025,04,"1,104.68",44
10/24/2025,05,"1,145.15",43
10/24/2025,06,"1,239.21",43
10/24/2025,07,"1,410.80",43
10/24/2025,08,"1,526.59",42
10/24/2025,09,"1,506.65",44
10/24/2025,10,"1,420.74",45
10/24/2025,11,"1,337.14",52
10/24/2025,12,"1,296.59",54
10/24/2025,13,"1,266.01",57
10/24/2025,14,"1,269.35",57
10/24/2025,15,"1,338.02",58
10/24/2025,16,"1,373.53",57
10/24/2025,17,"1,478.70",59
10/24/2025,18,"1,569.18",57
10/24/2025,19,"1,618.77",56
10/24/2025,20,"1,585.45",53
10/24/2025,21,"1,535.73",51
10/24/2025,22,"1,462.05",48
10/24/2025,23,"1,364.66",47
10/24/2025,24,"1,271.46",46
10/25/2025,01,"1,196.95",45
10/25/2025,02,"1,149.92",44
10/25/2025,03,"1,123.38",43
10/25/2025,04,"1,116.10",43
10/25/2025,05,"1,129.11",43
10/25/2025,06,"1,178.05",43
10/25/2025,07,"1,261.89",43
10/25/2025,08,"1,352.17",41
10/25/2025,09,"1,364.45",43
10/25/2025,10,"1,298.20",48
10/25/2025,11,"1,206.43",51
10/25/2025,12,"1,143.48",54
10/25/2025,13,"1,160.09",55
10/25/2025,14,"1,244.08",56
10/25/2025,15,"1,214.46",57
10/25/2025,16,"1,262.34",58
10/25/2025,17,"1,391.38",57
10/25/2025,18,"1,516.84",55
10/25/2025,19,"1,577.33",54
10/25/2025,20,"1,545.48",54
10/25/2025,21,"1,498.66",53
10/25/2025,22,"1,436.08",51
10/25/2025,23,"1,347.75",50
10/25/2025,24,"1,257.69",48
10/26/2025,01,"1,184.85",47
10/26/2025,02,"1,138.57",45
10/26/2025,03,"1,109.73",44
10/26/2025,04,"1,105.57",43
10/26/2025,05,"1,118.65",41
10/26/2025,06,"1,153.08",42
10/26/2025,07,"1,219.59",42
10/26/2025,08,"1,293.43",45
10/26/2025,09,"1,324.12",45
10/26/2025,10,"1,277.75",45
10/26/2025,11,"1,223.35",49
10/26/2025,12,"1,142.10",53
10/26/2025,13,"1,130.43",54
10/26/2025,14,"1,126.95",56
10/26/2025,15,"1,185.93",56
10/26/2025,16,"1,276.87",57
10/26/2025,17,"1,422.82",57
10/26/2025,18,"1,569.38",56
10/26/2025,19,"1,646.71",53
10/26/2025,20,"1,614.63",48
10/26/2025,21,"1,550.66",48
10/26/2025,22,"1,462.01",46
10/26/2025,23,"1,347.49",43
10/26/2025,24,"1,247.32",44
10/27/2025,01,"1,183.19",43
10/27/2025,02,"1,147.24",41
10/27/2025,03,"1,132.47",41
10/27/2025,04,"1,136.43",40
10/27/2025,05,"1,182.56",40
10/27/2025,06,"1,293.37",37
10/27/2025,07,"1,482.64",36
10/27/2025,08,"1,600.24",37
10/27/2025,09,"1,574.31",39
10/27/2025,10,"1,475.41",42
10/27/2025,11,"1,405.51",47
10/27/2025,12,"1,402.83",50
10/27/2025,13,"1,407.48",51
10/27/2025,14,"1,437.25",52
10/27/2025,15,"1,480.57",54
10/27/2025,16,"1,519.36",52
10/27/2025,17,"1,596.45",52
10/27/2025,18,"1,705.87",52
10/27/2025,19,"1,789.84",50
10/27/2025,20,"1,746.34",48
10/27/2025,21,"1,674.59",45
10/27/2025,22,"1,563.78",45
10/27/2025,23,"1,431.74",41
10/27/2025,24,"1,315.08",41
10/28/2025,01,"1,236.48",41
10/28/2025,02,"1,192.73",41
10/28/2025,03,"1,176.48",42
10/28/2025,04,"1,169.64",41
10/28/2025,05,"1,206.77",41
10/28/2025,06,"1,308.78",41
10/28/2025,07,"1,481.88",41
10/28/2025,08,"1,592.89",43
10/28/2025,09,"1,631.58",45
10/28/2025,10,"1,616.92",45
10/28/2025,11,"1,562.85",47
10/28/2025,12,"1,488.59",49
10/28/2025,13,"1,504.69",52
10/28/2025,14,"1,559.72",53
10/28/2025,15,"1,583.25",52
10/28/2025,16,"1,630.01",51
10/28/2025,17,"1,689.01",49
10/28/2025,18,"1,762.11",49
10/28/2025,19,"1,801.33",49
10/28/2025,20,"1,744.89",49
10/28/2025,21,"1,662.52",48
10/28/2025,22,"1,547.56",48
10/28/2025,23,"1,413.61",49
10/28/2025,24,"1,292.83",49
10/29/2025,01,"1,209.80",49
10/29/2025,02,"1,165.50",50
10/29/2025,03,"1,132.55",50
10/29/2025,04,"1,130.87",50
10/29/2025,05,"1,165.45",50
10/29/2025,06,"1,263.98",49
10/29/2025,07,"1,432.46",50
10/29/2025,08,"1,549.74",49
10/29/2025,09,"1,580.12",48
10/29/2025,10,"1,584.93",48
10/29/2025,11,"1,586.70",49
10/29/2025,12,"1,586.77",50
10/29/2025,13,"1,585.39",51
10/29/2025,14,"1,591.85",52
10/29/2025,15,"1,575.79",51
10/29/2025,16,"1,605.50",50
10/29/2025,17,"1,651.59",50
10/29/2025,18,"1,739.53",50
10/29/2025,19,"1,772.26",49
10/29/2025,20,"1,726.27",48
10/29/2025,21,"1,651.97",48
10/29/2025,22,"1,543.86",48
10/29/2025,23,"1,408.49",48
10/29/2025,24,"1,288.47",48
10/30/2025,01,"1,208.06",48
10/30/2025,02,"1,165.14",48
10/30/2025,03,"1,133.15",48
10/30/2025,04,"1,129.86",49
10/30/2025,05,"1,160.77",49
10/30/2025,06,"1,245.18",50
10/30/2025,07,"1,414.91",49
10/30/2025,08,"1,532.32",50
10/30/2025,09,"1,573.79",50
10/30/2025,10,"1,568.57",52
10/30/2025,11,"1,545.42",54
10/30/2025,12,"1,543.38",54
10/30/2025,13,"1,524.20",56
10/30/2025,14,"1,580.88",57
10/30/2025,15,"1,581.53",55
10/30/2025,16,"1,594.77",55
10/30/2025,17,"1,640.39",57
10/30/2025,18,"1,711.25",57
10/30/2025,19,"1,733.82",58
10/30/2025,20,"1,683.56",59
10/30/2025,21,"1,610.25",59
10/30/2025,22,"1,510.59",59
10/30/2025,23,"1,392.86",59
10/30/2025,24,"1,280.50",60
10/31/2025,01,"1,194.84",60
10/31/2025,02,"1,136.15",60
10/31/2025,03,"1,109.52",60
10/31/2025,04,"1,093.49",59
10/31/2025,05,"1,121.76",58
10/31/2025,06,"1,207.05",59
10/31/2025,07,"1,357.75",57
10/31/2025,08,"1,467.48",55
10/31/2025,09,"1,484.70",55
10/31/2025,10,"1,467.69",55
10/31/2025,11,"1,353.04",56
10/31/2025,12,"1,335.00",58
10/31/2025,13,"1,411.45",59
10/31/2025,14,"1,466.91",57
10/31/2025,15,"1,504.75",56
10/31/2025,16,"1,493.64",56
10/31/2025,17,"1,540.74",56
10/31/2025,18,"1,578.71",55
10/31/2025,19,"1,571.62",53
10/31/2025,20,"1,528.04",53
10/31/2025,21,"1,494.78",53
10/31/2025,22,"1,441.84",53
10/31/2025,23,"1,353.21",53
10/31/2025,24,"1,259.47",53
11/1/2025,01,"1,186.56",52
11/1/2025,02,"1,140.21",51
11/1/2025,03,"1,119.90",50
11/1/2025,04,"1,109.46",48
11/1/2025,05,"1,119.24",48
11/1/2025,06,"1,166.10",48
11/1/2025,07,"1,239.92",48
11/1/2025,08,"1,322.95",47
11/1/2025,09,"1,339.20",48
11/1/2025,10,"1,278.66",50
11/1/2025,11,"1,197.14",52
11/1/2025,12,"1,134.55",53
11/1/2025,13,"1,094.19",55
11/1/2025,14,"1,111.97",56
11/1/2025,15,"1,166.18",56
11/1/2025,16,"1,260.72",56
11/1/2025,17,"1,408.75",55
11/1/2025,18,"1,540.28",54
11/1/2025,19,"1,594.28",51
11/1/2025,20,"1,553.48",50
11/1/2025,21,"1,505.68",49
11/1/2025,22,"1,440.23",47
11/1/2025,23,"1,359.25",46
11/1/2025,24,"1,275.47",44
11/2/2025,01,"1,211.43",43
11/2/2025,02,"1,168.42",42
11/2/2025,02X,"1,144.13",42
11/2/2025,03,"1,131.52",38
11/2/2025,04,"1,143.38",37
11/2/2025,05,"1,167.74",36
11/2/2025,06,"1,225.56",35
11/2/2025,07,"1,301.48",35
11/2/2025,08,"1,329.36",35
11/2/2025,09,"1,285.69",41
11/2/2025,10,"1,219.57",45
11/2/2025,11,"1,158.25",47
11/2/2025,12,"1,135.08",50
11/2/2025,13,"1,169.50",53
11/2/2025,14,"1,232.12",54
11/2/2025,15,"1,328.51",55
11/2/2025,16,"1,451.57",55
11/2/2025,17,"1,600.31",54
11/2/2025,18,"1,725.78",52
11/2/2025,19,"1,689.07",49
11/2/2025,20,"1,628.45",45
11/2/2025,21,"1,559.06",41
11/2/2025,22,"1,457.72",42
11/2/2025,23,"1,352.59",39
11/2/2025,24,"1,274.74",39
11/3/2025,01,"1,220.17",38
11/3/2025,02,"1,195.02",38
11/3/2025,03,"1,185.60",37
11/3/2025,04,"1,205.37",36
11/3/2025,05,"1,248.70",36
11/3/2025,06,"1,361.92",36
11/3/2025,07,"1,529.83",37
11/3/2025,08,"1,593.33",38
11/3/2025,09,"1,604.72",41
11/3/2025,10,"1,602.69",44
11/3/2025,11,"1,592.91",48
11/3/2025,12,"1,611.46",52
11/3/2025,13,"1,625.10",55
11/3/2025,14,"1,645.98",55
11/3/2025,15,"1,639.36",54
11/3/2025,16,"1,648.79",54
11/3/2025,17,"1,749.94",53
11/3/2025,18,"1,829.68",52
11/3/2025,19,"1,788.93",52
11/3/2025,20,"1,714.89",51
11/3/2025,21,"1,619.54",51
11/3/2025,22,"1,505.00",51
11/3/2025,23,"1,375.25",50
11/3/2025,24,"1,271.97",47
11/4/2025,01,"1,206.09",47
11/4/2025,02,"1,175.67",45
11/4/2025,03,"1,161.85",47
11/4/2025,04,"1,168.48",46
11/4/2025,05,"1,212.19",46
11/4/2025,06,"1,327.54",45
11/4/2025,07,"1,470.64",45
11/4/2025,08,"1,497.51",46
11/4/2025,09,"1,416.91",48
11/4/2025,10,"1,322.25",51
11/4/2025,11,"1,249.27",52
11/4/2025,12,"1,230.06",55
11/4/2025,13,"1,243.47",56
11/4/2025,14,"1,325.26",57
11/4/2025,15,"1,408.02",56
11/4/2025,16,"1,527.14",56
11/4/2025,17,"1,662.84",54
11/4/2025,18,"1,777.19",53
11/4/2025,19,"1,765.43",49
11/4/2025,20,"1,707.82",47
11/4/2025,21,"1,633.10",47
11/4/2025,22,"1,523.62",46
11/4/2025,23,"1,401.13",46
11/4/2025,24,"1,299.98",45
11/5/2025,01,"1,233.89",45
11/5/2025,02,"1,200.23",42
11/5/2025,03,"1,184.10",40
11/5/2025,04,"1,190.88",40
11/5/2025,05,"1,238.84",40
11/5/2025,06,"1,357.46",41
11/5/2025,07,"1,512.36",39
11/5/2025,08,"1,549.57",40
11/5/2025,09,"1,504.36",45
11/5/2025,10,"1,390.94",49
11/5/2025,11,"1,422.83",53
11/5/2025,12,"1,527.84",54
11/5/2025,13,"1,434.69",56
11/5/2025,14,"1,438.75",58
11/5/2025,15,"1,492.41",59
11/5/2025,16,"1,562.40",58
11/5/2025,17,"1,680.30",57
11/5/2025,18,"1,766.93",56
11/5/2025,19,"1,734.71",58
11/5/2025,20,"1,670.14",59
11/5/2025,21,"1,587.48",60
11/5/2025,22,"1,471.84",60
11/5/2025,23,"1,339.87",60
11/5/2025,24,"1,228.96",61
11/6/2025,01,"1,160.48",57
11/6/2025,02,"1,121.74",52
11/6/2025,03,"1,109.31",51
11/6/2025,04,"1,126.86",49
11/6/2025,05,"1,175.15",48
11/6/2025,06,"1,287.33",46
11/6/2025,07,"1,447.50",45
11/6/2025,08,"1,494.31",44
11/6/2025,09,"1,398.53",46
11/6/2025,10,"1,325.04",48
11/6/2025,11,"1,357.80",49
11/6/2025,12,"1,410.24",51
11/6/2025,13,"1,408.98",53
11/6/2025,14,"1,434.78",53
11/6/2025,15,"1,463.59",51
11/6/2025,16,"1,549.01",51
11/6/2025,17,"1,693.97",50
11/6/2025,18,"1,794.74",47
11/6/2025,19,"1,783.53",46
11/6/2025,20,"1,732.32",44
11/6/2025,21,"1,668.57",43
11/6/2025,22,"1,569.71",42
11/6/2025,23,"1,449.41",41
11/6/2025,24,"1,341.10",40
11/7/2025,01,"1,280.49",39
11/7/2025,02,"1,249.81",37
11/7/2025,03,"1,240.36",36
11/7/2025,04,"1,252.25",34
11/7/2025,05,"1,298.91",31
11/7/2025,06,"1,414.99",31
11/7/2025,07,"1,576.04",32
11/7/2025,08,"1,604.99",32
11/7/2025,09,"1,521.74",37
11/7/2025,10,"1,428.80",42
11/7/2025,11,"1,349.41",47
11/7/2025,12,"1,343.79",50
11/7/2025,13,"1,347.07",52
11/7/2025,14,"1,366.21",52
11/7/2025,15,"1,497.33",52
11/7/2025,16,"1,575.13",52
11/7/2025,17,"1,692.05",53
11/7/2025,18,"1,749.92",53
11/7/2025,19,"1,697.60",53
11/7/2025,20,"1,638.14",53
11/7/2025,21,"1,566.41",53
11/7/2025,22,"1,476.97",55
11/7/2025,23,"1,358.67",57
11/7/2025,24,"1,256.53",57
11/8/2025,01,"1,182.63",58
11/8/2025,02,"1,129.77",58
11/8/2025,03,"1,096.52",57
11/8/2025,04,"1,087.01",58
11/8/2025,05,"1,098.94",60
11/8/2025,06,"1,136.34",58
11/8/2025,07,"1,211.03",58
11/8/2025,08,"1,292.82",57
11/8/2025,09,"1,382.38",56
11/8/2025,10,"1,459.85",55
11/8/2025,11,"1,482.75",54
11/8/2025,12,"1,342.33",55
11/8/2025,13,"1,232.38",61
11/8/2025,14,"1,233.41",62
11/8/2025,15,"1,306.36",62
11/8/2025,16,"1,408.78",62
11/8/2025,17,"1,522.09",61
11/8/2025,18,"1,607.82",58
11/8/2025,19,"1,571.33",57
11/8/2025,20,"1,522.49",54
11/8/2025,21,"1,475.43",53
11/8/2025,22,"1,414.94",50
11/8/2025,23,"1,328.47",46
11/8/2025,24,"1,253.10",45
11/9/2025,01,"1,183.54",45
11/9/2025,02,"1,140.77",45
11/9/2025,03,"1,117.83",43
11/9/2025,04,"1,113.36",42
11/9/2025,05,"1,126.26",41
11/9/2025,06,"1,171.69",41
11/9/2025,07,"1,227.20",39
11/9/2025,08,"1,256.00",42
11/9/2025,09,"1,271.90",45
11/9/2025,10,"1,246.31",49
11/9/2025,11,"1,172.96",52
11/9/2025,12,"1,231.52",60
11/9/2025,13,"1,322.40",59
11/9/2025,14,"1,408.84",58
11/9/2025,15,"1,476.39",58
11/9/2025,16,"1,529.34",58
11/9/2025,17,"1,634.67",57
11/9/2025,18,"1,685.44",55
11/9/2025,19,"1,637.15",55
11/9/2025,20,"1,564.68",56
11/9/2025,21,"1,494.30",56
11/9/2025,22,"1,384.88",56
11/9/2025,23,"1,270.56",56
11/9/2025,24,"1,172.86",56
11/10/2025,01,"1,108.31",56
11/10/2025,02,"1,068.83",55
11/10/2025,03,"1,045.11",55
11/10/2025,04,"1,051.06",55
11/10/2025,05,"1,086.56",55
11/10/2025,06,"1,186.36",55
11/10/2025,07,"1,347.31",55
11/10/2025,08,"1,466.60",55
11/10/2025,09,"1,536.68",55
11/10/2025,10,"1,570.20",55
11/10/2025,11,"1,596.72",55
11/10/2025,12,"1,622.07",56
11/10/2025,13,"1,626.75",56
11/10/2025,14,"1,626.75",57
11/10/2025,15,"1,622.17",56
11/10/2025,16,"1,630.84",54
11/10/2025,17,"1,708.87",54
11/10/2025,18,"1,758.50",54
11/10/2025,19,"1,714.52",53
11/10/2025,20,"1,651.89",52
11/10/2025,21,"1,574.08",51
11/10/2025,22,"1,481.26",48
11/10/2025,23,"1,372.10",41
11/10/2025,24,"1,281.91",38
11/11/2025,01,"1,226.28",35
11/11/2025,02,"1,195.34",35
11/11/2025,03,"1,185.75",34
11/11/2025,04,"1,196.49",34
11/11/2025,05,"1,241.13",34
11/11/2025,06,"1,338.49",34
11/11/2025,07,"1,467.92",34
11/11/2025,08,"1,530.75",33
11/11/2025,09,"1,553.69",34
11/11/2025,10,"1,639.63",35
11/11/2025,11,"1,647.99",35
11/11/2025,12,"1,620.38",36
11/11/2025,13,"1,615.09",36
11/11/2025,14,"1,662.63",37
11/11/2025,15,"1,720.52",38
11/11/2025,16,"1,782.97",38
11/11/2025,17,"1,887.35",36
11/11/2025,18,"1,956.64",36
11/11/2025,19,"1,931.01",35
11/11/2025,20,"1,885.06",35
11/11/2025,21,"1,809.16",35
11/11/2025,22,"1,702.31",35
11/11/2025,23,"1,566.21",35
11/11/2025,24,"1,453.84",36
11/12/2025,01,"1,378.57",36
11/12/2025,02,"1,333.30",36
11/12/2025,03,"1,306.07",36
11/12/2025,04,"1,305.21",37
11/12/2025,05,"1,340.62",37
11/12/2025,06,"1,446.94",38
11/12/2025,07,"1,610.59",38
11/12/2025,08,"1,703.45",38
11/12/2025,09,"1,724.99",39
11/12/2025,10,"1,725.49",40
11/12/2025,11,"1,701.81",41
11/12/2025,12,"1,690.47",41
11/12/2025,13,"1,662.37",43
11/12/2025,14,"1,567.63",44
11/12/2025,15,"1,556.50",45
11/12/2025,16,"1,671.71",46
11/12/2025,17,"1,798.89",45
11/12/2025,18,"1,873.29",44
11/12/2025,19,"1,852.36",42
11/12/2025,20,"1,800.21",43
11/12/2025,21,"1,733.84",43
11/12/2025,22,"1,620.77",43
11/12/2025,23,"1,485.56",42
11/12/2025,24,"1,368.21",44
11/13/2025,01,"1,287.39",44
11/13/2025,02,"1,241.78",44
11/13/2025,03,"1,217.68",44
11/13/2025,04,"1,216.81",44
11/13/2025,05,"1,258.58",44
11/13/2025,06,"1,363.23",43
11/13/2025,07,"1,529.62",42
11/13/2025,08,"1,592.08",41
11/13/2025,09,"1,560.03",42
11/13/2025,10,"1,561.93",45
11/13/2025,11,"1,586.17",46
11/13/2025,12,"1,612.81",47
11/13/2025,13,"1,626.02",48
11/13/2025,14,"1,629.86",48
11/13/2025,15,"1,619.58",48
11/13/2025,16,"1,662.37",47
11/13/2025,17,"1,783.50",47
11/13/2025,18,"1,839.64",45
11/13/2025,19,"1,827.85",44
11/13/2025,20,"1,789.39",44
11/13/2025,21,"1,727.45",42
11/13/2025,22,"1,631.27",41
11/13/2025,23,"1,515.42",41
11/13/2025,24,"1,409.37",39
11/14/2025,01,"1,331.59",38
11/14/2025,02,"1,287.66",37
11/14/2025,03,"1,269.67",37
11/14/2025,04,"1,272.57",36
11/14/2025,05,"1,313.92",35
11/14/2025,06,"1,424.88",34
11/14/2025,07,"1,584.83",34
11/14/2025,08,"1,631.22",35
11/14/2025,09,"1,558.47",38
11/14/2025,10,"1,452.10",41
11/14/2025,11,"1,405.21",45
11/14/2025,12,"1,386.52",45
11/14/2025,13,"1,407.65",45
11/14/2025,14,"1,470.48",47
11/14/2025,15,"1,528.27",47
11/14/2025,16,"1,630.89",46
11/14/2025,17,"1,762.41",45
11/14/2025,18,"1,822.19",45
11/14/2025,19,"1,784.53",44
11/14/2025,20,"1,728.03",43
11/14/2025,21,"1,669.42",42
11/14/2025,22,"1,583.66",42
11/14/2025,23,"1,480.85",41
11/14/2025,24,"1,378.70",41
11/15/2025,01,"1,307.70",39
11/15/2025,02,"1,270.97",37
11/15/2025,03,"1,254.73",37
11/15/2025,04,"1,255.35",35
11/15/2025,05,"1,279.10",34
11/15/2025,06,"1,338.41",33
11/15/2025,07,"1,428.01",32
11/15/2025,08,"1,462.74",31
11/15/2025,09,"1,415.24",35
11/15/2025,10,"1,354.39",39
11/15/2025,11,"1,295.44",41
11/15/2025,12,"1,256.76",42
11/15/2025,13,"1,269.18",43
11/15/2025,14,"1,341.34",46
11/15/2025,15,"1,421.73",46
11/15/2025,16,"1,526.64",47
11/15/2025,17,"1,680.92",45
11/15/2025,18,"1,749.49",42
11/15/2025,19,"1,714.16",42
11/15/2025,20,"1,660.98",42
11/15/2025,21,"1,601.68",42
11/15/2025,22,"1,529.66",40
11/15/2025,23,"1,433.75",39
11/15/2025,24,"1,343.85",40
11/16/2025,01,"1,271.55",43
11/16/2025,02,"1,213.10",48
11/16/2025,03,"1,171.74",49
11/16/2025,04,"1,147.09",50
11/16/2025,05,"1,146.76",52
11/16/2025,06,"1,175.65",51
11/16/2025,07,"1,233.36",50
11/16/2025,08,"1,291.30",49
11/16/2025,09,"1,326.85",49
11/16/2025,10,"1,284.74",50
11/16/2025,11,"1,276.19",54
11/16/2025,12,"1,321.50",54
11/16/2025,13,"1,287.46",54
11/16/2025,14,"1,311.78",54
11/16/2025,15,"1,442.38",51
11/16/2025,16,"1,547.82",50
11/16/2025,17,"1,687.37",48
11/16/2025,18,"1,780.61",45
11/16/2025,19,"1,753.61",43
11/16/2025,20,"1,703.43",41
11/16/2025,21,"1,636.26",40
11/16/2025,22,"1,538.05",39
11/16/2025,23,"1,433.14",38
11/16/2025,24,"1,336.92",38
11/17/2025,01,"1,278.91",37
11/17/2025,02,"1,245.71",37
11/17/2025,03,"1,237.13",36
11/17/2025,04,"1,252.69",34
11/17/2025,05,"1,312.86",35
11/17/2025,06,"1,439.93",34
11/17/2025,07,"1,616.81",34
11/17/2025,08,"1,672.47",34
11/17/2025,09,"1,632.70",36
11/17/2025,10,"1,529.67",37
11/17/2025,11,"1,502.59",39
11/17/2025,12,"1,539.06",39
11/17/2025,13,"1,517.49",42
11/17/2025,14,"1,525.51",41
11/17/2025,15,"1,593.87",41
11/17/2025,16,"1,711.30",41
11/17/2025,17,"1,853.13",40
11/17/2025,18,"1,951.48",38
11/17/2025,19,"1,939.79",38
11/17/2025,20,"1,885.68",38
11/17/2025,21,"1,817.61",38
11/17/2025,22,"1,701.20",38
11/17/2025,23,"1,566.83",38
11/17/2025,24,"1,450.50",38
11/18/2025,01,"1,378.21",38
11/18/2025,02,"1,336.19",38
11/18/2025,03,"1,315.33",38
11/18/2025,04,"1,322.75",37
11/18/2025,05,"1,365.09",37
11/18/2025,06,"1,480.32",37
11/18/2025,07,"1,647.63",36
11/18/2025,08,"1,691.52",36
11/18/2025,09,"1,597.68",38
11/18/2025,10,"1,477.55",41
11/18/2025,11,"1,392.66",43
11/18/2025,12,"1,357.93",45
11/18/2025,13,"1,357.73",47
11/18/2025,14,"1,412.24",47
11/18/2025,15,"1,504.89",47
11/18/2025,16,"1,636.14",46
11/18/2025,17,"1,788.02",44
11/18/2025,18,"1,875.85",42
11/18/2025,19,"1,871.79",40
11/18/2025,20,"1,836.34",38
11/18/2025,21,"1,776.47",35
11/18/2025,22,"1,679.80",31
11/18/2025,23,"1,556.74",32
11/18/2025,24,"1,445.18",30
11/19/2025,01,"1,386.49",30
11/19/2025,02,"1,354.55",30
11/19/2025,03,"1,341.40",30
11/19/2025,04,"1,349.39",30
11/19/2025,05,"1,393.75",29
11/19/2025,06,"1,506.71",31
11/19/2025,07,"1,683.16",32
11/19/2025,08,"1,767.18",33
11/19/2025,09,"1,738.11",35
11/19/2025,10,"1,636.07",38
11/19/2025,11,"1,519.89",40
11/19/2025,12,"1,445.28",43
11/19/2025,13,"1,408.20",45
11/19/2025,14,"1,449.00",46
11/19/2025,15,"1,538.80",47
11/19/2025,16,"1,665.61",47
11/19/2025,17,"1,820.24",45
11/19/2025,18,"1,909.03",43
11/19/2025,19,"1,902.56",41
11/19/2025,20,"1,881.79",39
11/19/2025,21,"1,831.21",35
11/19/2025,22,"1,730.36",33
11/19/2025,23,"1,605.30",31
11/19/2025,24,"1,494.04",29
11/20/2025,01,"1,427.15",30
11/20/2025,02,"1,389.28",29
11/20/2025,03,"1,374.83",28
11/20/2025,04,"1,384.54",27
11/20/2025,05,"1,422.80",28
11/20/2025,06,"1,513.49",28
11/20/2025,07,"1,708.31",29
11/20/2025,08,"1,776.17",30
11/20/2025,09,"1,715.49",32
11/20/2025,10,"1,602.80",36
11/20/2025,11,"1,519.41",37
11/20/2025,12,"1,478.42",40
11/20/2025,13,"1,492.91",43
11/20/2025,14,"1,589.90",45
11/20/2025,15,"1,655.66",44
11/20/2025,16,"1,703.68",45
11/20/2025,17,"1,817.46",45
11/20/2025,18,"1,880.86",43
11/20/2025,19,"1,858.22",39
11/20/2025,20,"1,825.31",37
11/20/2025,21,"1,768.40",35
11/20/2025,22,"1,666.60",34
11/20/2025,23,"1,535.89",31
11/20/2025,24,"1,420.20",31
11/21/2025,01,"1,344.19",30
11/21/2025,02,"1,304.54",29
11/21/2025,03,"1,290.09",29
11/21/2025,04,"1,301.86",28
11/21/2025,05,"1,346.31",28
11/21/2025,06,"1,465.36",28
11/21/2025,07,"1,637.62",28
11/21/2025,08,"1,706.25",27
11/21/2025,09,"1,671.14",31
11/21/2025,10,"1,680.43",35
11/21/2025,11,"1,697.42",37
11/21/2025,12,"1,689.76",40
11/21/2025,13,"1,661.35",44
11/21/2025,14,"1,680.17",47
11/21/2025,15,"1,710.18",47
11/21/2025,16,"1,746.73",47
11/21/2025,17,"1,819.53",47
11/21/2025,18,"1,842.28",47
11/21/2025,19,"1,793.10",46
11/21/2025,20,"1,729.87",46
11/21/2025,21,"1,666.98",42
11/21/2025,22,"1,586.81",43
11/21/2025,23,"1,480.64",41
11/21/2025,24,"1,375.40",43
11/22/2025,01,"1,300.62",41
11/22/2025,02,"1,248.84",42
11/22/2025,03,"1,221.01",43
11/22/2025,04,"1,213.09",43
11/22/2025,05,"1,226.28",41
11/22/2025,06,"1,272.31",41
11/22/2025,07,"1,359.66",42
11/22/2025,08,"1,454.83",43
11/22/2025,09,"1,543.24",43
11/22/2025,10,"1,625.17",44
11/22/2025,11,"1,665.35",44
11/22/2025,12,"1,672.29",44
11/22/2025,13,"1,642.97",44
11/22/2025,14,"1,566.04",45
11/22/2025,15,"1,537.83",47
11/22/2025,16,"1,607.56",48
11/22/2025,17,"1,727.37",47
11/22/2025,18,"1,785.43",47
11/22/2025,19,"1,754.88",44
11/22/2025,20,"1,711.71",43
11/22/2025,21,"1,666.18",41
11/22/2025,22,"1,602.04",39
11/22/2025,23,"1,515.66",37
11/22/2025,24,"1,432.48",37
11/23/2025,01,"1,367.60",34
11/23/2025,02,"1,334.89",32
11/23/2025,03,"1,320.85",29
11/23/2025,04,"1,321.04",28
11/23/2025,05,"1,340.54",28
11/23/2025,06,"1,388.97",27
11/23/2025,07,"1,470.76",28
11/23/2025,08,"1,517.14",27
11/23/2025,09,"1,484.47",29
11/23/2025,10,"1,466.30",35
11/23/2025,11,"1,500.11",41
11/23/2025,12,"1,556.19",41
11/23/2025,13,"1,631.78",42
11/23/2025,14,"1,679.47",41
11/23/2025,15,"1,702.85",42
11/23/2025,16,"1,751.58",42
11/23/2025,17,"1,842.53",41
11/23/2025,18,"1,910.01",41
11/23/2025,19,"1,844.44",39
11/23/2025,20,"1,786.97",40
11/23/2025,21,"1,737.42",38
11/23/2025,22,"1,625.10",38
11/23/2025,23,"1,506.48",37
11/23/2025,24,"1,406.21",38
11/24/2025,01,"1,339.32",37
11/24/2025,02,"1,306.50",37
11/24/2025,03,"1,294.55",38
11/24/2025,04,"1,305.22",36
11/24/2025,05,"1,357.04",36
11/24/2025,06,"1,468.39",38
11/24/2025,07,"1,639.20",39
11/24/2025,08,"1,725.97",40
11/24/2025,09,"1,666.82",40
11/24/2025,10,"1,529.14",44
11/24/2025,11,"1,460.26",47
11/24/2025,12,"1,446.10",49
11/24/2025,13,"1,435.49",50
11/24/2025,14,"1,475.35",51
11/24/2025,15,"1,550.30",51
11/24/2025,16,"1,669.93",51
11/24/2025,17,"1,814.35",48
11/24/2025,18,"1,909.00",46
11/24/2025,19,"1,904.72",43
11/24/2025,20,"1,882.85",38
11/24/2025,21,"1,826.06",37
11/24/2025,22,"1,733.05",35
11/24/2025,23,"1,602.87",35
11/24/2025,24,"1,486.90",34
11/25/2025,01,"1,417.07",31
11/25/2025,02,"1,378.27",33
11/25/2025,03,"1,357.35",31
11/25/2025,04,"1,361.39",29
11/25/2025,05,"1,399.96",32
11/25/2025,06,"1,500.40",32
11/25/2025,07,"1,663.48",33
11/25/2025,08,"1,753.11",35
11/25/2025,09,"1,751.91",36
11/25/2025,10,"1,714.44",43
11/25/2025,11,"1,701.95",48
11/25/2025,12,"1,722.55",50
11/25/2025,13,"1,718.82",52
11/25/2025,14,"1,715.56",52
11/25/2025,15,"1,710.89",52
11/25/2025,16,"1,750.47",52
11/25/2025,17,"1,845.59",51
11/25/2025,18,"1,885.36",50
11/25/2025,19,"1,858.82",50
11/25/2025,20,"1,805.61",49
11/25/2025,21,"1,729.62",49
11/25/2025,22,"1,625.00",48
11/25/2025,23,"1,484.54",48
11/25/2025,24,"1,359.83",50
11/26/2025,01,"1,267.39",52
11/26/2025,02,"1,210.31",53
11/26/2025,03,"1,179.55",54
11/26/2025,04,"1,171.66",55
11/26/2025,05,"1,196.38",57
11/26/2025,06,"1,280.76",57
11/26/2025,07,"1,424.76",56
11/26/2025,08,"1,517.52",56
11/26/2025,09,"1,558.78",55
11/26/2025,10,"1,607.08",56
11/26/2025,11,"1,611.50",58
11/26/2025,12,"1,631.51",59
11/26/2025,13,"1,652.79",59
11/26/2025,14,"1,665.57",58
11/26/2025,15,"1,672.57",59
11/26/2025,16,"1,693.12",59
11/26/2025,17,"1,765.58",56
11/26/2025,18,"1,798.26",56
11/26/2025,19,"1,750.22",55
11/26/2025,20,"1,686.65",54
11/26/2025,21,"1,614.41",56
11/26/2025,22,"1,519.04",57
11/26/2025,23,"1,400.09",57
11/26/2025,24,"1,286.24",55
11/27/2025,01,"1,197.23",55
11/27/2025,02,"1,138.87",55
11/27/2025,03,"1,109.32",53
11/27/2025,04,"1,102.97",49
11/27/2025,05,"1,122.99",45
11/27/2025,06,"1,185.38",43
11/27/2025,07,"1,279.99",42
11/27/2025,08,"1,362.91",38
11/27/2025,09,"1,394.92",42
11/27/2025,10,"1,401.45",44
11/27/2025,11,"1,409.18",45
11/27/2025,12,"1,421.06",46
11/27/2025,13,"1,410.05",47
11/27/2025,14,"1,415.22",48
11/27/2025,15,"1,407.18",47
11/27/2025,16,"1,449.33",46
11/27/2025,17,"1,516.21",44
11/27/2025,18,"1,533.45",42
11/27/2025,19,"1,522.23",40
11/27/2025,20,"1,517.20",40
11/27/2025,21,"1,509.20",38
11/27/2025,22,"1,472.19",37
11/27/2025,23,"1,404.05",38
11/27/2025,24,"1,325.80",38
11/28/2025,01,"1,268.89",37
11/28/2025,02,"1,235.66",36
11/28/2025,03,"1,223.59",36
11/28/2025,04,"1,229.67",36
11/28/2025,05,"1,263.94",35
11/28/2025,06,"1,336.69",33
11/28/2025,07,"1,427.73",34
11/28/2025,08,"1,486.64",33
11/28/2025,09,"1,481.75",33
11/28/2025,10,"1,399.46",37
11/28/2025,11,"1,345.58",39
11/28/2025,12,"1,352.34",40
11/28/2025,13,"1,412.92",42
11/28/2025,14,"1,478.55",43
11/28/2025,15,"1,558.22",42
11/28/2025,16,"1,662.64",42
11/28/2025,17,"1,803.73",41
11/28/2025,18,"1,867.17",40
11/28/2025,19,"1,836.55",39
11/28/2025,20,"1,791.77",38
11/28/2025,21,"1,735.54",37
11/28/2025,22,"1,663.20",37
11/28/2025,23,"1,562.21",36
11/28/2025,24,"1,463.35",36
11/29/2025,01,"1,390.58",36
11/29/2025,02,"1,340.31",37
11/29/2025,03,"1,315.92",35
11/29/2025,04,"1,309.44",35
11/29/2025,05,"1,327.21",35
11/29/2025,06,"1,377.41",34
11/29/2025,07,"1,455.63",33
11/29/2025,08,"1,509.89",33
11/29/2025,09,"1,484.07",34
11/29/2025,10,"1,432.61",36
11/29/2025,11,"1,390.28",38
11/29/2025,12,"1,361.04",40
11/29/2025,13,"1,372.56",42
11/29/2025,14,"1,426.82",42
11/29/2025,15,"1,525.23",42
11/29/2025,16,"1,652.95",42
11/29/2025,17,"1,802.85",40
11/29/2025,18,"1,878.15",38
11/29/2025,19,"1,856.23",36
11/29/2025,20,"1,822.21",35
11/29/2025,21,"1,781.21",34
11/29/2025,22,"1,716.77",32
11/29/2025,23,"1,618.59",29
11/29/2025,24,"1,523.78",28
11/30/2025,01,"1,451.01",30
11/30/2025,02,"1,393.97",29
11/30/2025,03,"1,362.67",30
11/30/2025,04,"1,351.50",29
11/30/2025,05,"1,357.28",29
11/30/2025,06,"1,387.20",30
11/30/2025,07,"1,452.93",29
11/30/2025,08,"1,516.47",31
11/30/2025,09,"1,573.47",33
11/30/2025,10,"1,635.47",35
11/30/2025,11,"1,667.38",37
11/30/2025,12,"1,685.77",40
11/30/2025,13,"1,706.10",47
11/30/2025,14,"1,747.28",47
11/30/2025,15,"1,753.34",45
11/30/2025,16,"1,785.00",46
11/30/2025,17,"1,862.69",47
11/30/2025,18,"1,885.60",48
11/30/2025,19,"1,836.64",51
11/30/2025,20,"1,774.39",52
11/30/2025,21,"1,685.51",51
11/30/2025,22,"1,568.94",49
11/30/2025,23,"1,443.15",47
11/30/2025,24,"1,329.83",45
12/1/2025,01,"1,272.35",43
12/1/2025,02,"1,234.76",42
12/1/2025,03,"1,209.70",41
12/1/2025,04,"1,222.04",40
12/1/2025,05,"1,276.88",38
12/1/2025,06,"1,401.64",37
12/1/2025,07,"1,611.94",37
12/1/2025,08,"1,692.47",35
12/1/2025,09,"1,666.32",37
12/1/2025,10,"1,568.54",40
12/1/2025,11,"1,477.14",41
12/1/2025,12,"1,433.51",43
12/1/2025,13,"1,430.48",43
12/1/2025,14,"1,482.31",44
12/1/2025,15,"1,577.34",44
12/1/2025,16,"1,707.73",43
12/1/2025,17,"1,895.85",41
12/1/2025,18,"2,007.84",38
12/1/2025,19,"2,013.56",35
12/1/2025,20,"1,986.24",36
12/1/2025,21,"1,916.70",33
12/1/2025,22,"1,818.79",31
12/1/2025,23,"1,689.39",31
12/1/2025,24,"1,562.38",28
12/2/2025,01,"1,481.42",30
12/2/2025,02,"1,439.11",28
12/2/2025,03,"1,431.01",29
12/2/2025,04,"1,400.33",30
12/2/2025,05,"1,440.54",31
12/2/2025,06,"1,521.74",32
12/2/2025,07,"1,687.89",32
12/2/2025,08,"1,804.35",32
12/2/2025,09,"1,863.89",32
12/2/2025,10,"1,865.22",33
12/2/2025,11,"1,914.00",34
12/2/2025,12,"1,948.27",35
12/2/2025,13,"1,946.06",34
12/2/2025,14,"1,949.87",35
12/2/2025,15,"1,939.34",35
12/2/2025,16,"1,928.50",37
12/2/2025,17,"1,999.43",38
12/2/2025,18,"2,040.28",38
12/2/2025,19,"2,005.51",36
12/2/2025,20,"1,956.79",35
12/2/2025,21,"1,865.03",35
12/2/2025,22,"1,737.47",36
12/2/2025,23,"1,586.75",36
12/2/2025,24,"1,467.74",35
12/3/2025,01,"1,409.23",35
12/3/2025,02,"1,372.96",35
12/3/2025,03,"1,341.92",35
12/3/2025,04,"1,362.94",35
12/3/2025,05,"1,386.75",36
12/3/2025,06,"1,506.05",35
12/3/2025,07,"1,680.84",34
12/3/2025,08,"1,784.66",33
12/3/2025,09,"1,749.41",33
12/3/2025,10,"1,661.10",34
12/3/2025,11,"1,604.23",36
12/3/2025,12,"1,581.03",37
12/3/2025,13,"1,553.55",38
12/3/2025,14,"1,587.19",39
12/3/2025,15,"1,650.96",40
12/3/2025,16,"1,760.57",40
12/3/2025,17,"1,938.67",38
12/3/2025,18,"2,050.21",36
12/3/2025,19,"2,074.86",34
12/3/2025,20,"2,043.64",34
12/3/2025,21,"1,975.20",33
12/3/2025,22,"1,865.85",31
12/3/2025,23,"1,706.59",29
12/3/2025,24,"1,577.48",27
12/4/2025,01,"1,517.00",27
12/4/2025,02,"1,487.46",29
12/4/2025,03,"1,446.88",29
12/4/2025,04,"1,447.56",29
12/4/2025,05,"1,477.95",29
12/4/2025,06,"1,594.35",33
12/4/2025,07,"1,795.60",33
12/4/2025,08,"1,833.10",32
12/4/2025,09,"1,811.44",34
12/4/2025,10,"1,731.92",34
12/4/2025,11,"1,750.73",37
12/4/2025,12,"1,763.35",37
12/4/2025,13,"1,680.94",39
12/4/2025,14,"1,612.58",40
12/4/2025,15,"1,696.67",41
12/4/2025,16,"1,835.68",40
12/4/2025,17,"2,006.60",38
12/4/2025,18,"2,043.00",36
12/4/2025,19,"2,121.46",33
12/4/2025,20,"2,118.56",30
12/4/2025,21,"2,082.48",27
12/4/2025,22,"1,999.55",25
12/4/2025,23,"1,865.60",23
12/4/2025,24,"1,754.81",22
12/5/2025,01,"1,681.67",20
12/5/2025,02,"1,623.87",19
12/5/2025,03,"1,621.21",17
12/5/2025,04,"1,629.96",16
12/5/2025,05,"1,661.53",15
12/5/2025,06,"1,792.42",14
12/5/2025,07,"1,956.41",14
12/5/2025,08,"2,068.63",13
12/5/2025,09,"2,005.88",14
12/5/2025,10,"1,899.61",16
12/5/2025,11,"1,795.27",18
12/5/2025,12,"1,724.47",21
12/5/2025,13,"1,708.89",22
12/5/2025,14,"1,788.13",23
12/5/2025,15,"1,913.00",25
12/5/2025,16,"1,995.55",26
12/5/2025,17,"2,132.26",25
12/5/2025,18,"2,187.63",24
12/5/2025,19,"2,168.28",24
12/5/2025,20,"2,122.91",26
12/5/2025,21,"2,090.58",26
12/5/2025,22,"1,959.70",26
12/5/2025,23,"1,815.97",27
12/5/2025,24,"1,684.38",27
12/6/2025,01,"1,586.81",27
12/6/2025,02,"1,541.46",27
12/6/2025,03,"1,501.59",28
12/6/2025,04,"1,465.30",28
12/6/2025,05,"1,491.10",28
12/6/2025,06,"1,514.94",28
12/6/2025,07,"1,609.47",29
12/6/2025,08,"1,663.57",29
12/6/2025,09,"1,742.67",30
12/6/2025,10,"1,747.11",32
12/6/2025,11,"1,774.30",35
12/6/2025,12,"1,704.45",37
12/6/2025,13,"1,711.32",42
12/6/2025,14,"1,744.23",43
12/6/2025,15,"1,720.25",42
12/6/2025,16,"1,743.25",42
12/6/2025,17,"1,880.50",40
12/6/2025,18,"1,953.23",39
12/6/2025,19,"1,928.25",34
12/6/2025,20,"1,912.83",35
12/6/2025,21,"1,864.35",33
12/6/2025,22,"1,791.33",30
12/6/2025,23,"1,674.11",32
12/6/2025,24,"1,573.04",31
12/7/2025,01,"1,495.64",26
12/7/2025,02,"1,462.42",28
12/7/2025,03,"1,421.84",27
12/7/2025,04,"1,425.70",27
12/7/2025,05,"1,438.52",24
12/7/2025,06,"1,465.51",26
12/7/2025,07,"1,560.18",27
12/7/2025,08,"1,606.13",28
12/7/2025,09,"1,605.51",30
12/7/2025,10,"1,540.05",34
12/7/2025,11,"1,487.92",40
12/7/2025,12,"1,514.85",41
12/7/2025,13,"1,559.55",41
12/7/2025,14,"1,597.90",42
12/7/2025,15,"1,676.33",41
12/7/2025,16,"1,793.88",40
12/7/2025,17,"1,937.45",40
12/7/2025,18,"2,020.23",38
12/7/2025,19,"1,994.14",37
12/7/2025,20,"1,937.00",37
12/7/2025,21,"1,862.15",38
12/7/2025,22,"1,744.39",38
12/7/2025,23,"1,606.23",37
12/7/2025,24,"1,488.77",34
12/8/2025,01,"1,428.13",33
12/8/2025,02,"1,376.72",32
12/8/2025,03,"1,372.08",32
12/8/2025,04,"1,379.80",34
12/8/2025,05,"1,456.21",32
12/8/2025,06,"1,576.86",30
12/8/2025,07,"1,777.47",28
12/8/2025,08,"1,898.04",27
12/8/2025,09,"1,847.27",27
12/8/2025,10,"1,759.55",27
12/8/2025,11,"1,700.50",27
12/8/2025,12,"1,726.33",27
12/8/2025,13,"1,774.10",28
12/8/2025,14,"1,802.17",27
12/8/2025,15,"1,898.97",28
12/8/2025,16,"2,021.12",27
12/8/2025,17,"2,186.86",26
12/8/2025,18,"2,294.22",25
12/8/2025,19,"2,285.65",24
12/8/2025,20,"2,253.55",23
12/8/2025,21,"2,190.35",22
12/8/2025,22,"2,071.86",21
12/8/2025,23,"1,923.11",20
12/8/2025,24,"1,793.42",18
12/9/2025,01,"1,708.34",18
12/9/2025,02,"1,687.15",16
12/9/2025,03,"1,671.15",16
12/9/2025,04,"1,645.64",16
12/9/2025,05,"1,715.20",16
12/9/2025,06,"1,805.32",16
12/9/2025,07,"1,995.16",14
12/9/2025,08,"2,097.51",14
12/9/2025,09,"2,032.66",15
12/9/2025,10,"1,906.88",18
12/9/2025,11,"1,808.45",20
12/9/2025,12,"1,747.02",22
12/9/2025,13,"1,723.62",25
12/9/2025,14,"1,756.29",26
12/9/2025,15,"1,853.22",29
12/9/2025,16,"1,983.41",29
12/9/2025,17,"2,145.49",27
12/9/2025,18,"2,233.99",25
12/9/2025,19,"2,220.95",25
12/9/2025,20,"2,185.34",24
12/9/2025,21,"2,121.11",24
12/9/2025,22,"1,990.78",26
12/9/2025,23,"1,810.77",27
12/9/2025,24,"1,656.21",30
12/10/2025,01,"1,573.84",31
12/10/2025,02,"1,497.21",33
12/10/2025,03,"1,471.04",35
12/10/2025,04,"1,493.98",36
12/10/2025,05,"1,509.22",38
12/10/2025,06,"1,624.05",38
12/10/2025,07,"1,762.78",37
12/10/2025,08,"1,839.55",36
12/10/2025,09,"1,818.40",35
12/10/2025,10,"1,718.82",37
12/10/2025,11,"1,647.70",41
12/10/2025,12,"1,576.62",42
12/10/2025,13,"1,574.57",46
12/10/2025,14,"1,674.97",49
12/10/2025,15,"1,771.46",49
12/10/2025,16,"1,810.35",49
12/10/2025,17,"1,942.21",49
12/10/2025,18,"1,998.38",49
12/10/2025,19,"1,970.50",48
12/10/2025,20,"1,911.33",48
12/10/2025,21,"1,834.10",48
12/10/2025,22,"1,725.58",46
12/10/2025,23,"1,584.56",42
12/10/2025,24,"1,456.06",40
12/11/2025,01,"1,374.18",40
12/11/2025,02,"1,340.71",40
12/11/2025,03,"1,315.98",40
12/11/2025,04,"1,321.80",37
12/11/2025,05,"1,369.84",37
12/11/2025,06,"1,467.75",37
12/11/2025,07,"1,652.41",37
12/11/2025,08,"1,789.80",37
12/11/2025,09,"1,762.95",36
12/11/2025,10,"1,653.86",36
12/11/2025,11,"1,572.57",35
12/11/2025,12,"1,531.39",35
12/11/2025,13,"1,541.15",34
12/11/2025,14,"1,612.79",34
12/11/2025,15,"1,731.13",33
12/11/2025,16,"1,886.26",32
12/11/2025,17,"2,068.90",31
12/11/2025,18,"2,176.23",30
12/11/2025,19,"2,181.39",29
12/11/2025,20,"2,150.20",28
12/11/2025,21,"2,089.24",27
12/11/2025,22,"1,997.92",26
12/11/2025,23,"1,856.95",26
12/11/2025,24,"1,724.70",25
12/12/2025,01,"1,618.06",25
12/12/2025,02,"1,585.24",25
12/12/2025,03,"1,550.28",24
12/12/2025,04,"1,552.90",24
12/12/2025,05,"1,591.84",24
12/12/2025,06,"1,701.83",23
12/12/2025,07,"1,874.94",23
12/12/2025,08,"2,006.39",22
12/12/2025,09,"1,961.66",23
12/12/2025,10,"1,854.20",25
12/12/2025,11,"1,738.05",27
12/12/2025,12,"1,686.24",29
12/12/2025,13,"1,683.50",32
12/12/2025,14,"1,702.48",34
12/12/2025,15,"1,802.52",36
12/12/2025,16,"1,907.15",35
12/12/2025,17,"2,066.38",34
12/12/2025,18,"2,162.31",33
12/12/2025,19,"2,104.99",31
12/12/2025,20,"2,049.01",31
12/12/2025,21,"1,992.98",31
12/12/2025,22,"1,905.12",31
12/12/2025,23,"1,801.33",32
12/12/2025,24,"1,674.74",29
12/13/2025,01,"1,581.71",28
12/13/2025,02,"1,528.23",27
12/13/2025,03,"1,500.36",27
12/13/2025,04,"1,493.16",27
12/13/2025,05,"1,513.64",25
12/13/2025,06,"1,566.92",24
12/13/2025,07,"1,660.92",24
12/13/2025,08,"1,768.88",24
12/13/2025,09,"1,841.88",25
12/13/2025,10,"1,871.71",28
12/13/2025,11,"1,781.87",31
12/13/2025,12,"1,688.05",36
12/13/2025,13,"1,793.43",37
12/13/2025,14,"1,862.09",37
12/13/2025,15,"1,884.66",37
12/13/2025,16,"1,909.93",37
12/13/2025,17,"1,997.52",37
12/13/2025,18,"2,022.05",37
12/13/2025,19,"1,993.67",37
12/13/2025,20,"1,945.06",36
12/13/2025,21,"1,864.58",36
12/13/2025,22,"1,790.55",36
12/13/2025,23,"1,696.50",35
12/13/2025,24,"1,564.12",34
12/14/2025,01,"1,497.48",34
12/14/2025,02,"1,446.02",31
12/14/2025,03,"1,401.29",31
12/14/2025,04,"1,393.72",30
12/14/2025,05,"1,405.12",31
12/14/2025,06,"1,436.12",30
12/14/2025,07,"1,507.59",31
12/14/2025,08,"1,603.27",31
12/14/2025,09,"1,748.96",31
12/14/2025,10,"1,862.35",31
12/14/2025,11,"1,932.31",32
12/14/2025,12,"2,099.90",32
12/14/2025,13,"2,141.51",32
12/14/2025,14,"2,137.37",32
12/14/2025,15,"2,136.51",31
12/14/2025,16,"2,037.97",31
12/14/2025,17,"2,133.88",30
12/14/2025,18,"2,225.38",29
12/14/2025,19,"2,215.55",27
12/14/2025,20,"2,195.76",27
12/14/2025,21,"2,121.95",26
12/14/2025,22,"2,018.25",25
12/14/2025,23,"1,885.54",24
12/14/2025,24,"1,772.99",22
12/15/2025,01,"1,701.32",20
12/15/2025,02,"1,642.62",18
12/15/2025,03,"1,636.39",17
12/15/2025,04,"1,656.65",16
12/15/2025,05,"1,723.85",15
12/15/2025,06,"1,853.66",14
12/15/2025,07,"2,037.65",15
12/15/2025,08,"2,142.48",15
12/15/2025,09,"2,182.97",15
12/15/2025,10,"2,186.39",16
12/15/2025,11,"2,169.68",18
12/15/2025,12,"2,143.61",20
12/15/2025,13,"2,112.09",22
12/15/2025,14,"2,093.92",23
12/15/2025,15,"2,091.32",24
12/15/2025,16,"2,146.76",24
12/15/2025,17,"2,274.96",24
12/15/2025,18,"2,372.19",23
12/15/2025,19,"2,359.56",23
12/15/2025,20,"2,310.81",22
12/15/2025,21,"2,238.55",22
12/15/2025,22,"2,114.11",24
12/15/2025,23,"1,950.94",23
12/15/2025,24,"1,801.70",23
12/16/2025,01,"1,696.66",22
12/16/2025,02,"1,645.57",21
12/16/2025,03,"1,625.50",22
12/16/2025,04,"1,653.32",21
12/16/2025,05,"1,685.64",21
12/16/2025,06,"1,778.62",22
12/16/2025,07,"1,940.47",22
12/16/2025,08,"2,059.02",23
12/16/2025,09,"2,086.57",24
12/16/2025,10,"2,020.59",25
12/16/2025,11,"1,979.70",27
12/16/2025,12,"1,911.23",29
12/16/2025,13,"1,841.15",31
12/16/2025,14,"1,809.19",32
12/16/2025,15,"1,819.83",34
12/16/2025,16,"1,914.75",34
12/16/2025,17,"2,078.77",32
12/16/2025,18,"2,168.44",29
12/16/2025,19,"2,166.55",29
12/16/2025,20,"2,143.68",28
12/16/2025,21,"2,080.73",26
12/16/2025,22,"1,970.22",25
12/16/2025,23,"1,805.76",25
12/16/2025,24,"1,661.08",26
12/17/2025,01,"1,584.14",29
12/17/2025,02,"1,534.04",28
12/17/2025,03,"1,488.49",28
12/17/2025,04,"1,506.69",29
12/17/2025,05,"1,625.69",30
12/17/2025,06,"1,679.12",31
12/17/2025,07,"1,871.85",29
12/17/2025,08,"1,873.68",34
12/17/2025,09,"1,835.92",34
12/17/2025,10,"1,876.65",37
12/17/2025,11,"1,860.92",39
12/17/2025,12,"1,839.62",41
12/17/2025,13,"1,881.80",43
12/17/2025,14,"1,764.20",44
12/17/2025,15,"1,773.39",46
12/17/2025,16,"1,816.11",47
12/17/2025,17,"1,956.02",46
12/17/2025,18,"2,051.49",44
12/17/2025,19,"2,104.58",41
12/17/2025,20,"1,997.23",41
12/17/2025,21,"1,872.58",39
12/17/2025,22,"1,846.88",40
12/17/2025,23,"1,664.31",40
12/17/2025,24,"1,614.54",39
12/18/2025,01,"1,473.59",38
12/18/2025,02,"1,433.46",38
12/18/2025,03,"1,424.30",35
12/18/2025,04,"1,440.95",32
12/18/2025,05,"1,480.35",28
12/18/2025,06,"1,599.86",26
12/18/2025,07,"1,820.42",26
12/18/2025,08,"1,927.34",26
12/18/2025,09,"1,842.12",26
12/18/2025,10,"1,701.59",34
12/18/2025,11,"1,569.40",39
12/18/2025,12,"1,508.80",43
12/18/2025,13,"1,489.75",45
12/18/2025,14,"1,532.43",45
12/18/2025,15,"1,612.16",45
12/18/2025,16,"1,736.71",46
12/18/2025,17,"1,907.15",44
12/18/2025,18,"2,006.28",41
12/18/2025,19,"2,008.68",40
12/18/2025,20,"1,965.94",40
12/18/2025,21,"1,897.81",39
12/18/2025,22,"1,783.92",43
12/18/2025,23,"1,633.44",44
12/18/2025,24,"1,487.42",45
12/19/2025,01,"1,356.95",50
12/19/2025,02,"1,286.92",51
12/19/2025,03,"1,246.04",51
12/19/2025,04,"1,234.87",51
12/19/2025,05,"1,253.14",51
12/19/2025,06,"1,346.38",53
12/19/2025,07,"1,511.70",54
12/19/2025,08,"1,624.50",56
12/19/2025,09,"1,646.84",54
12/19/2025,10,"1,732.17",53
12/19/2025,11,"1,756.39",53
12/19/2025,12,"1,721.22",53
12/19/2025,13,"1,717.38",56
12/19/2025,14,"1,679.49",58
12/19/2025,15,"1,680.45",59
12/19/2025,16,"1,689.18",55
12/19/2025,17,"1,764.79",53
12/19/2025,18,"1,817.50",51
12/19/2025,19,"1,761.67",45
12/19/2025,20,"1,838.10",43
12/19/2025,21,"1,757.30",42
12/19/2025,22,"1,711.55",37
12/19/2025,23,"1,599.59",36
12/19/2025,24,"1,498.64",35
12/20/2025,01,"1,419.55",34
12/20/2025,02,"1,398.04",33
12/20/2025,03,"1,366.69",33
12/20/2025,04,"1,385.14",32
12/20/2025,05,"1,395.32",31
12/20/2025,06,"1,453.41",30
12/20/2025,07,"1,549.26",30
12/20/2025,08,"1,637.49",30
12/20/2025,09,"1,663.30",30
12/20/2025,10,"1,615.28",32
12/20/2025,11,"1,548.98",34
12/20/2025,12,"1,552.34",36
12/20/2025,13,"1,532.52",36
12/20/2025,14,"1,538.55",38
12/20/2025,15,"1,682.15",39
12/20/2025,16,"1,775.69",38
12/20/2025,17,"1,911.13",37
12/20/2025,18,"1,988.14",35
12/20/2025,19,"1,968.50",33
12/20/2025,20,"1,926.27",32
12/20/2025,21,"1,901.14",31
12/20/2025,22,"1,819.66",32
12/20/2025,23,"1,683.13",33
12/20/2025,24,"1,556.96",33
12/21/2025,01,"1,479.00",35
12/21/2025,02,"1,397.92",38
12/21/2025,03,"1,353.49",39
12/21/2025,04,"1,341.77",41
12/21/2025,05,"1,325.91",43
12/21/2025,06,"1,351.60",44
12/21/2025,07,"1,418.22",44
12/21/2025,08,"1,476.14",43
12/21/2025,09,"1,499.04",42
12/21/2025,10,"1,462.49",44
12/21/2025,11,"1,405.56",45
12/21/2025,12,"1,376.68",48
12/21/2025,13,"1,400.03",47
12/21/2025,14,"1,480.17",47
12/21/2025,15,"1,599.67",44
12/21/2025,16,"1,716.27",39
12/21/2025,17,"1,905.99",37
12/21/2025,18,"2,025.59",34
12/21/2025,19,"2,020.19",33
12/21/2025,20,"1,989.23",32
12/21/2025,21,"1,936.27",32
12/21/2025,22,"1,838.65",31
12/21/2025,23,"1,723.07",30
12/21/2025,24,"1,602.04",30
12/22/2025,01,"1,521.80",31
12/22/2025,02,"1,475.24",31
12/22/2025,03,"1,453.96",30
12/22/2025,04,"1,462.25",28
12/22/2025,05,"1,498.83",28
12/22/2025,06,"1,597.97",27
12/22/2025,07,"1,780.02",26
12/22/2025,08,"1,910.96",26
12/22/2025,09,"1,903.71",27
12/22/2025,10,"1,835.23",28
12/22/2025,11,"1,747.43",30
12/22/2025,12,"1,700.40",31
12/22/2025,13,"1,689.19",32
12/22/2025,14,"1,765.49",34
12/22/2025,15,"1,864.35",35
12/22/2025,16,"1,947.05",35
12/22/2025,17,"2,121.83",34
12/22/2025,18,"2,237.51",32
12/22/2025,19,"2,235.51",30
12/22/2025,20,"2,187.36",29
12/22/2025,21,"2,137.82",29
12/22/2025,22,"2,015.60",29
12/22/2025,23,"1,828.87",29
12/22/2025,24,"1,721.66",29
12/23/2025,01,"1,626.41",30
12/23/2025,02,"1,564.30",30
12/23/2025,03,"1,513.55",27
12/23/2025,04,"1,506.92",28
12/23/2025,05,"1,554.64",29
12/23/2025,06,"1,628.56",29
12/23/2025,07,"1,796.15",29
12/23/2025,08,"1,896.80",31
12/23/2025,09,"1,942.40",33
12/23/2025,10,"1,960.08",35
12/23/2025,11,"1,946.72",35
12/23/2025,12,"1,884.82",36
12/23/2025,13,"1,927.01",36
12/23/2025,14,"1,965.89",36
12/23/2025,15,"1,973.63",36
12/23/2025,16,"1,986.14",36
12/23/2025,17,"2,068.54",36
12/23/2025,18,"2,122.59",36
12/23/2025,19,"2,091.96",37
12/23/2025,20,"2,034.06",37
12/23/2025,21,"1,969.85",36
12/23/2025,22,"1,867.72",37
12/23/2025,23,"1,729.91",37
12/23/2025,24,"1,586.17",37
12/24/2025,01,"1,499.98",37
12/24/2025,02,"1,358.99",36
12/24/2025,03,"1,383.22",36
12/24/2025,04,"1,378.27",35
12/24/2025,05,"1,403.81",35
12/24/2025,06,"1,480.93",37
12/24/2025,07,"1,580.11",37
12/24/2025,08,"1,709.71",37
12/24/2025,09,"1,817.76",38
12/24/2025,10,"1,744.57",40
12/24/2025,11,"1,692.83",40
12/24/2025,12,"1,800.60",40
12/24/2025,13,"1,811.24",41
12/24/2025,14,"1,981.01",40
12/24/2025,15,"1,859.73",38
12/24/2025,16,"1,972.89",37
12/24/2025,17,"2,083.27",35
12/24/2025,18,"1,996.79",32
12/24/2025,19,"1,974.94",33
12/24/2025,20,"1,929.70",33
12/24/2025,21,"1,802.33",32
12/24/2025,22,"1,797.41",31
12/24/2025,23,"1,590.03",29
12/24/2025,24,"1,608.88",28
12/25/2025,01,"1,563.24",26
12/25/2025,02,"1,497.08",27
12/25/2025,03,"1,454.42",27
12/25/2025,04,"1,456.57",27
12/25/2025,05,"1,446.32",28
12/25/2025,06,"1,485.46",28
12/25/2025,07,"1,548.87",29
12/25/2025,08,"1,648.96",29
12/25/2025,09,"1,752.80",32
12/25/2025,10,"1,822.66",34
12/25/2025,11,"1,857.04",36
12/25/2025,12,"1,876.05",38
12/25/2025,13,"1,807.88",38
12/25/2025,14,"1,662.94",39
12/25/2025,15,"1,682.35",43
12/25/2025,16,"1,730.53",41
12/25/2025,17,"1,841.11",39
12/25/2025,18,"1,899.05",38
12/25/2025,19,"1,906.55",32
12/25/2025,20,"1,909.86",29
12/25/2025,21,"1,901.37",28
12/25/2025,22,"1,864.57",26
12/25/2025,23,"1,793.62",24
12/25/2025,24,"1,709.15",23
12/26/2025,01,"1,628.22",21
12/26/2025,02,"1,593.90",20
12/26/2025,03,"1,582.45",19
12/26/2025,04,"1,589.55",18
12/26/2025,05,"1,645.38",17
12/26/2025,06,"1,697.33",16
12/26/2025,07,"1,793.90",15
12/26/2025,08,"1,879.33",14
12/26/2025,09,"1,902.57",14
12/26/2025,10,"1,895.81",16
12/26/2025,11,"1,832.30",18
12/26/2025,12,"1,883.47",19
12/26/2025,13,"1,908.94",22
12/26/2025,14,"1,942.59",22
12/26/2025,15,"1,949.04",23
12/26/2025,16,"1,996.42",24
12/26/2025,17,"2,160.73",22
12/26/2025,18,"2,237.81",22
12/26/2025,19,"2,210.02",22
12/26/2025,20,"2,148.73",23
12/26/2025,21,"2,046.52",23
12/26/2025,22,"1,959.83",23
12/26/2025,23,"1,864.13",19
12/26/2025,24,"1,753.15",19
12/27/2025,01,"1,650.63",19
12/27/2025,02,"1,607.40",19
12/27/2025,03,"1,580.36",19
12/27/2025,04,"1,572.26",19
12/27/2025,05,"1,594.75",19
12/27/2025,06,"1,612.15",19
12/27/2025,07,"1,682.40",19
12/27/2025,08,"1,768.57",19
12/27/2025,09,"1,891.22",19
12/27/2025,10,"1,967.42",20
12/27/2025,11,"2,042.43",20
12/27/2025,12,"2,076.97",20
12/27/2025,13,"2,070.43",21
12/27/2025,14,"2,023.12",21
12/27/2025,15,"1,988.42",23
12/27/2025,16,"1,996.20",24
12/27/2025,17,"2,098.26",24
12/27/2025,18,"2,203.34",23
12/27/2025,19,"2,162.84",22
12/27/2025,20,"2,119.15",18
12/27/2025,21,"2,060.72",18
12/27/2025,22,"1,999.27",19
12/27/2025,23,"1,868.87",19
12/27/2025,24,"1,777.09",19
12/28/2025,01,"1,694.23",18
12/28/2025,02,"1,630.68",18
12/28/2025,03,"1,622.51",17
12/28/2025,04,"1,600.54",15
12/28/2025,05,"1,609.90",14
12/28/2025,06,"1,668.27",17
12/28/2025,07,"1,724.94",15
12/28/2025,08,"1,797.10",15
12/28/2025,09,"1,881.49",16
12/28/2025,10,"2,052.24",20
12/28/2025,11,"1,909.93",25
12/28/2025,12,"1,888.74",29
12/28/2025,13,"1,868.08",33
12/28/2025,14,"1,841.93",34
12/28/2025,15,"1,851.50",33
12/28/2025,16,"1,888.95",34
12/28/2025,17,"2,025.67",35
12/28/2025,18,"2,109.13",31
12/28/2025,19,"2,081.92",30
12/28/2025,20,"2,019.47",29
12/28/2025,21,"1,947.00",30
12/28/2025,22,"1,812.62",32
12/28/2025,23,"1,643.75",33
12/28/2025,24,"1,554.76",33
12/29/2025,01,"1,478.43",34
12/29/2025,02,"1,439.12",34
12/29/2025,03,"1,390.79",35
12/29/2025,04,"1,395.83",35
12/29/2025,05,"1,404.25",38
12/29/2025,06,"1,465.26",40
12/29/2025,07,"1,583.23",41
12/29/2025,08,"1,664.42",42
12/29/2025,09,"1,741.58",44
12/29/2025,10,"1,795.39",44
12/29/2025,11,"1,828.22",45
12/29/2025,12,"1,849.54",47
12/29/2025,13,"1,858.33",47
12/29/2025,14,"1,883.08",48
12/29/2025,15,"1,868.39",48
12/29/2025,16,"1,857.09",48
12/29/2025,17,"1,928.15",47
12/29/2025,18,"1,979.74",46
12/29/2025,19,"1,945.42",46
12/29/2025,20,"1,891.53",45
12/29/2025,21,"1,830.30",41
12/29/2025,22,"1,744.30",39
12/29/2025,23,"1,634.95",38
12/29/2025,24,"1,535.31",33
12/30/2025,01,"1,487.42",33
12/30/2025,02,"1,465.10",32
12/30/2025,03,"1,450.94",30
12/30/2025,04,"1,464.49",29
12/30/2025,05,"1,533.87",28
12/30/2025,06,"1,640.97",27
12/30/2025,07,"1,753.42",25
12/30/2025,08,"1,862.68",25
12/30/2025,09,"1,865.15",26
12/30/2025,10,"1,796.34",27
12/30/2025,11,"1,787.66",28
12/30/2025,12,"1,826.81",30
12/30/2025,13,"1,901.82",30
12/30/2025,14,"1,909.75",28
12/30/2025,15,"1,930.73",29
12/30/2025,16,"2,024.91",29
12/30/2025,17,"2,163.17",28
12/30/2025,18,"2,246.40",26
12/30/2025,19,"2,215.29",26
12/30/2025,20,"2,170.67",26
12/30/2025,21,"2,101.12",26
12/30/2025,22,"2,002.65",26
12/30/2025,23,"1,875.12",27
12/30/2025,24,"1,754.18",27
12/31/2025,01,"1,667.29",26
12/31/2025,02,"1,622.93",26
12/31/2025,03,"1,596.12",25
12/31/2025,04,"1,591.21",25
12/31/2025,05,"1,607.90",24
12/31/2025,06,"1,672.61",24
12/31/2025,07,"1,805.05",23
12/31/2025,08,"1,879.74",24
12/31/2025,09,"1,924.72",25
12/31/2025,10,"1,941.38",26
12/31/2025,11,"1,815.67",28
12/31/2025,12,"1,747.56",30
12/31/2025,13,"1,708.92",30
12/31/2025,14,"1,741.09",32
12/31/2025,15,"1,801.78",32
12/31/2025,16,"1,921.09",32
12/31/2025,17,"2,076.00",31
12/31/2025,18,"2,137.40",30
12/31/2025,19,"2,103.75",28
12/31/2025,20,"2,010.18",25
12/31/2025,21,"1,952.17",24
12/31/2025,22,"1,876.43",24
12/31/2025,23,"1,770.56",25
12/31/2025,24,"1,691.66",24
